Geo_FIPS,Geo_QNAME,Geo_NAME,TOTAL POP_DEMOGRAPHICS,WHITE_POP,BLACK_POP,AMERICAN INDIAN_POP,ASIAN_POP,NATIVE HAWAIIAN-POP,OTHER_POP,TWO RACES _POP,TOTAL NUMBER HOUSEHOLD_INCOME,<10K,10-15K,15-20K,20-25K,25-30K,30-35K,35-40K,40-45K,45-50K,50-60K,60-75K,75-99K,100-125K,125-150K,150-200K,>200K,MEDIAN HOUSEHOLD_INCOME,OWNER HOUSEHOLD_MEDIAN INCOME,RENTER HOUSEHOLD_MEDIAN INCOME,TOTAL HOUSING UNITS ,OWNER HOUSING UNITS,RENTER HOUSING UNITS,WHITE OWNER HOUSING UNITS,NON WHITE OWNER HOUSING UNITS,MEDIAN HOUSE VALUE (OWNER),,OTHER ,"Owner-Occupied Housing Units: Housing Units with a Mortgage, Home Equity Loan,  or Similar Debts","Owner-Occupied Housing Units: Housing Units with a Mortgage, Home Equity Loan,  or Similar Debts: With Either a Second Mortgage or Home Equity  Loan, but Not Both","Owner-Occupied Housing Units: Housing Units with a Mortgage, Home Equity Loan,  or Similar Debts: With Either a Second Mortgage or Home Equity  Loan, but Not Both: Second Mortgage Only","Owner-Occupied Housing Units: Housing Units with a Mortgage, Home Equity Loan,  or Similar Debts: With Either a Second Mortgage or Home Equity  Loan, but Not Both: Home Equity Loan Only","Owner-Occupied Housing Units: Housing Units with a Mortgage, Home Equity Loan,  or Similar Debts: Both Second Mortgage and Home Equity Loan","Owner-Occupied Housing Units: Housing Units with a Mortgage, Home Equity Loan,  or Similar Debts: No Second Mortgage and No Home Equity Loan","Owner-Occupied Housing Units: Housing Units with a Mortgage, Home Equity Loan,  or Similar Debts: Home Equity Loan Without A Primary Mortgage",Owner-Occupied Housing Units: Housing Units Without a Mortgage,1 PERSON HOUSEHOLD,2 PERSON HOUSEHOLD,3 PERSON HOUSEHOLD,4 PERSON HOUSEHOLD,5 PERSON HOUSEHOLD,6 PERSON HOUSEHOLD,7 OR MORE PERSON HOUSEHOLD
25017300100,"Census Tract 3001, Middlesex County, Massachusetts",Census Tract 3001,3188,3025,0,0,14,0,0,149,1264,0,29,35,10,0,62,10,27,33,58,112,114,305,91,146,232,110536,111875,52708,1308,1191,117,1128,63,362200,,,847,117,5,112,0,675,55,344,235,567,204,148,68,42,0
25017301101,"Census Tract 3011.01, Middlesex County, Massachusetts",Census Tract 3011.01,4057,3319,235,0,274,0,48,181,1563,108,52,64,58,31,22,9,28,43,83,121,143,96,191,190,324,107604,130000,27961,1585,1178,407,1075,103,399200,,,841,167,16,151,0,656,18,337,373,599,174,242,134,16,25
25017301102,"Census Tract 3011.02, Middlesex County, Massachusetts",Census Tract 3011.02,4995,4675,36,0,25,0,54,205,1873,116,8,17,16,42,34,32,28,52,57,145,198,259,123,440,306,122942,126635,67721,1899,1707,192,1642,65,387600,,,1154,263,64,199,8,873,10,553,379,614,425,233,174,34,14
25017310101,"Census Tract 3101.01, Middlesex County, Massachusetts",Census Tract 3101.01,3805,2480,439,0,222,0,299,365,1777,76,94,194,85,77,12,39,85,107,60,211,173,111,150,205,98,66377,76768,48125,1867,498,1369,384,114,313300,,,417,0,0,0,0,417,0,81,766,594,220,173,24,0,0
25017310102,"Census Tract 3101.02, Middlesex County, Massachusetts",Census Tract 3101.02,2750,1741,201,0,236,0,187,385,1416,105,191,136,21,80,62,74,8,34,118,76,130,67,124,80,110,49531,150000,34773,1436,228,1208,182,46,371300,,,173,16,0,16,0,157,0,55,672,474,100,121,27,22,0
25017310200,"Census Tract 3102, Middlesex County, Massachusetts",Census Tract 3102,6597,3345,1344,0,778,5,815,310,2224,103,205,63,50,12,73,120,48,43,150,274,194,516,118,120,135,74386,109619,39694,2288,1245,1043,582,663,499700,,,807,7,0,7,0,800,0,438,612,340,407,624,154,66,21
25017310300,"Census Tract 3103, Middlesex County, Massachusetts",Census Tract 3103,6563,3791,738,0,928,0,311,795,2473,240,34,34,119,49,163,14,94,148,164,453,263,370,102,176,50,68071,69416,54470,2506,1233,1273,679,554,323500,,,958,44,16,28,13,901,0,275,670,723,476,342,129,129,4
25017310400,"Census Tract 3104, Middlesex County, Massachusetts",Census Tract 3104,3823,1874,591,0,162,81,268,847,1180,88,112,71,29,84,70,53,32,16,95,151,161,48,69,78,23,54038,69464,34650,1234,455,779,192,263,331500,,,299,39,12,27,0,260,0,156,219,231,158,281,193,62,36
25017310500,"Census Tract 3105, Middlesex County, Massachusetts",Census Tract 3105,3703,2349,220,0,409,0,198,527,1420,38,153,31,0,27,0,65,14,50,34,287,173,198,220,71,59,75410,104853,68438,1464,496,968,311,185,326700,,,361,24,0,24,0,337,0,135,377,485,127,305,72,54,0
25017310601,"Census Tract 3106.01, Middlesex County, Massachusetts",Census Tract 3106.01,5688,4171,398,0,257,0,529,333,2042,44,100,98,22,22,10,108,19,56,223,266,238,105,324,207,200,75872,126213,61964,2116,1397,719,1028,369,413200,,,1063,66,0,66,0,919,78,334,539,592,433,296,44,52,86
25017310602,"Census Tract 3106.02, Middlesex County, Massachusetts",Census Tract 3106.02,6189,3463,1184,5,1052,0,99,386,2405,105,71,40,50,45,29,0,0,0,150,260,505,459,189,255,247,94042,110556,91890,2599,1220,1379,761,459,356500,,,908,50,17,33,0,858,0,312,541,927,496,205,183,39,14
25017310700,"Census Tract 3107, Middlesex County, Massachusetts",Census Tract 3107,4475,2479,659,0,781,3,118,435,1451,22,86,53,119,106,48,33,17,142,81,152,263,67,51,62,149,62102,,60795,1557,281,1276,165,116,306700,,,249,31,0,31,0,218,0,32,499,273,215,214,170,58,22
25017311100,"Census Tract 3111, Middlesex County, Massachusetts",Census Tract 3111,2383,1097,314,6,569,20,86,291,1016,101,59,30,20,14,23,37,23,57,88,56,115,115,130,73,75,75000,105724,59600,1076,218,858,91,127,425700,,,171,13,2,11,13,145,0,47,331,321,132,138,75,19,0
25017311200,"Census Tract 3112, Middlesex County, Massachusetts",Census Tract 3112,3175,857,198,0,1446,0,458,216,1415,133,279,55,0,30,42,0,131,49,107,158,217,81,29,0,104,49102,34077,55323,1487,329,1158,141,188,355500,,,225,0,0,0,0,225,0,104,537,410,228,71,151,0,18
25017311300,"Census Tract 3113, Middlesex County, Massachusetts",Census Tract 3113,4606,1526,960,0,1342,0,253,525,1392,51,90,87,32,33,59,49,14,10,63,138,402,151,93,48,72,80316,96571,56613,1438,594,844,250,344,424300,,,419,0,0,0,0,405,14,175,342,275,213,274,186,67,35
25017311400,"Census Tract 3114, Middlesex County, Massachusetts",Census Tract 3114,6334,2443,1134,118,1640,0,587,412,2602,138,140,21,31,122,20,89,82,115,233,154,406,315,130,513,93,90244,101556,86447,2702,824,1878,497,327,468500,,,564,179,0,179,0,366,19,260,623,879,521,448,87,43,1
25017311500,"Census Tract 3115, Middlesex County, Massachusetts",Census Tract 3115,3245,967,125,0,1560,0,204,389,1129,48,0,19,49,49,36,35,0,0,12,113,87,152,31,82,416,122887,250001,73221,1149,662,487,240,422,547200,,,486,30,0,30,0,456,0,176,194,361,353,53,62,0,106
25017311600,"Census Tract 3116, Middlesex County, Massachusetts",Census Tract 3116,6329,2988,99,0,2754,0,31,457,1980,41,39,0,8,62,22,56,24,7,80,177,274,294,282,232,382,118170,135742,113068,2099,1179,920,766,413,462600,,,766,153,31,122,0,593,20,413,357,586,197,495,118,44,183
25017311700,"Census Tract 3117, Middlesex County, Massachusetts",Census Tract 3117,4840,1277,174,5,2479,0,631,274,1640,103,41,27,80,27,0,69,4,17,112,93,211,339,136,247,134,102500,118864,75900,1674,980,694,376,604,390200,,,721,18,0,18,0,658,45,259,408,348,385,228,59,117,95
25017311800,"Census Tract 3118, Middlesex County, Massachusetts",Census Tract 3118,3722,947,404,0,1842,0,211,318,1124,63,28,169,15,22,33,0,0,0,74,131,157,41,84,64,243,79034,167300,58056,1171,498,673,166,332,367800,,,378,87,31,56,0,291,0,120,153,294,118,321,189,18,31
25017311900,"Census Tract 3119, Middlesex County, Massachusetts",Census Tract 3119,3016,1152,322,0,615,0,498,429,1267,53,119,167,28,32,52,102,61,57,42,121,177,95,35,79,47,46108,73750,43244,1316,188,1128,102,86,293800,,,86,9,0,9,0,77,0,102,373,376,258,162,70,28,0
25017312000,"Census Tract 3120, Middlesex County, Massachusetts",Census Tract 3120,2909,1331,234,0,555,0,433,356,886,62,52,89,32,33,57,36,6,35,33,33,69,211,85,6,47,63676,39671,93309,1006,345,661,285,60,385500,,,143,23,0,23,0,103,17,202,210,226,44,206,76,18,106
25017312100,"Census Tract 3121, Middlesex County, Massachusetts",Census Tract 3121,3480,1495,665,0,541,0,451,328,1285,61,89,43,36,13,6,12,42,0,80,90,327,297,46,113,30,84678,102292,78700,1313,397,916,178,219,350000,,,325,76,11,65,0,242,7,72,431,305,174,204,99,25,47
25017312200,"Census Tract 3122, Middlesex County, Massachusetts",Census Tract 3122,4846,2324,345,0,1348,0,598,231,1788,34,6,20,73,63,25,61,80,38,153,356,252,123,276,88,140,73295,94792,65250,1860,1226,634,680,546,348200,,,941,78,0,78,0,803,60,285,437,470,452,177,179,42,31
25017312300,"Census Tract 3123, Middlesex County, Massachusetts",Census Tract 3123,5163,3352,348,0,761,23,280,399,2070,15,12,14,40,13,0,46,65,35,254,273,167,375,462,135,164,117649,119573,74861,2082,1331,751,907,424,343800,,,960,172,10,162,0,779,9,371,426,719,522,232,80,91,0
25017312400,"Census Tract 3124, Middlesex County, Massachusetts",Census Tract 3124,2169,1355,240,15,134,0,267,158,980,80,85,154,16,98,33,42,33,27,71,110,99,10,14,74,34,36667,,31250,1050,138,912,111,27,466700,,,70,12,0,12,0,58,0,68,418,283,126,44,20,51,38
25017312501,"Census Tract 3125.01, Middlesex County, Massachusetts",Census Tract 3125.01,4836,3424,224,0,631,0,375,182,1813,65,11,65,14,17,105,55,32,110,53,149,152,219,229,158,379,106114,125658,,1889,1318,571,1119,199,483900,,,992,108,19,89,0,743,141,326,528,624,243,216,42,126,34
25017312502,"Census Tract 3125.02, Middlesex County, Massachusetts",Census Tract 3125.02,4054,2887,121,0,471,0,103,472,1657,24,35,59,89,20,30,10,21,26,90,108,182,221,173,228,341,117007,136741,67163,1657,1173,484,1039,134,521300,,,747,147,12,135,0,558,42,426,472,552,254,249,115,5,10
25017313101,"Census Tract 3131.01, Middlesex County, Massachusetts",Census Tract 3131.01,7118,5846,2,0,488,0,452,330,2285,0,40,60,20,11,35,12,104,82,42,200,233,113,163,439,731,163802,169411,61022,2342,1964,378,1684,280,556000,,,1318,216,0,216,0,1092,10,646,369,679,396,495,139,178,29
25017313102,"Census Tract 3131.02, Middlesex County, Massachusetts",Census Tract 3131.02,5306,4490,176,0,450,0,34,156,1886,0,16,110,20,0,12,7,7,17,45,199,257,247,185,269,495,125938,144865,49412,2021,1642,379,1397,245,501900,,,1195,242,0,242,0,916,37,447,327,573,431,341,119,59,36
25017314101,"Census Tract 3141.01, Middlesex County, Massachusetts",Census Tract 3141.01,6907,5036,490,0,467,0,55,859,2381,39,110,59,41,21,104,87,78,21,33,169,138,488,131,383,479,115369,135156,35278,2435,1861,574,1622,239,464600,,,1255,134,29,105,0,1008,113,606,490,702,337,508,112,193,39
25017314102,"Census Tract 3141.02, Middlesex County, Massachusetts",Census Tract 3141.02,6951,5925,234,0,281,0,265,246,3017,121,28,28,126,46,117,193,55,34,176,433,278,481,382,282,237,89058,102077,70981,3126,2312,814,2042,270,394700,,,1361,251,32,219,0,1066,44,951,936,974,602,382,104,14,5
25017314200,"Census Tract 3142, Middlesex County, Massachusetts",Census Tract 3142,5665,4462,148,0,531,0,312,212,2087,31,43,45,21,20,96,0,93,182,52,138,457,146,95,447,221,87392,103217,46978,2087,1561,526,1147,414,474900,,,922,96,0,96,8,768,50,639,491,631,354,335,230,46,0
25017314301,"Census Tract 3143.01, Middlesex County, Massachusetts",Census Tract 3143.01,9329,8042,173,0,456,0,41,617,3561,89,57,47,43,0,110,137,189,141,84,239,297,474,419,648,587,121763,130349,79886,3686,2896,790,2504,392,474100,,,2009,403,14,389,13,1573,20,887,829,1432,279,643,312,39,27
25017314302,"Census Tract 3143.02, Middlesex County, Massachusetts",Census Tract 3143.02,3504,2968,0,0,167,0,19,350,1099,0,7,6,6,0,40,25,21,0,27,20,95,145,160,244,303,149479,153681,35500,1142,1049,93,882,167,615200,,,743,174,12,162,0,569,0,306,63,336,240,324,103,4,29
25017315100,"Census Tract 3151, Middlesex County, Massachusetts",Census Tract 3151,5835,5292,215,0,182,0,68,78,1961,50,25,0,25,89,83,46,48,10,96,72,145,37,288,219,728,147034,147388,,2006,1892,114,1727,165,605600,,,1243,209,0,209,0,987,47,649,339,653,238,347,265,90,29
25017315200,"Census Tract 3152, Middlesex County, Massachusetts",Census Tract 3152,8733,7657,216,0,325,0,19,516,3456,35,17,34,158,62,122,116,23,195,105,502,278,353,409,317,730,108438,118732,61827,3663,2491,1172,2359,132,555100,,,1693,240,52,188,13,1357,83,798,1118,1117,367,462,194,131,67
25017315401,"Census Tract 3154.01, Middlesex County, Massachusetts",Census Tract 3154.01,4042,3562,120,19,220,0,39,82,1730,63,43,55,14,93,52,59,7,36,50,179,149,255,208,255,212,107656,118333,,1730,1290,440,1173,117,442800,,,900,196,0,196,0,684,20,390,813,550,188,94,32,0,53
25017315402,"Census Tract 3154.02, Middlesex County, Massachusetts",Census Tract 3154.02,3302,3088,39,0,117,0,5,53,1336,8,0,16,30,0,17,9,0,10,85,188,137,160,115,164,397,126429,131591,100608,1365,1194,171,1054,140,596300,,,753,77,24,53,0,656,20,441,247,665,140,197,60,5,22
25017315403,"Census Tract 3154.03, Middlesex County, Massachusetts",Census Tract 3154.03,1590,1502,15,0,57,0,0,16,542,8,0,7,6,0,0,10,7,15,10,41,66,28,74,152,118,149808,154554,96250,542,517,25,503,14,560500,,,368,41,0,41,0,316,11,149,92,140,155,113,26,16,0
25017315500,"Census Tract 3155, Middlesex County, Massachusetts",Census Tract 3155,7666,6531,176,0,314,0,90,555,2908,0,0,34,18,33,15,18,170,136,273,117,178,293,375,486,762,136724,138141,,3011,2756,255,2457,299,502500,,,2076,339,0,339,0,1682,55,680,429,1188,642,393,130,27,99
25017316101,"Census Tract 3161.01, Middlesex County, Massachusetts",Census Tract 3161.01,4633,4133,97,0,254,0,26,123,1625,42,0,32,47,42,11,11,24,11,31,147,88,148,211,304,476,145875,147500,,1633,1592,41,1479,113,598500,,,996,150,8,142,9,787,50,596,210,683,261,239,139,89,4
25017316102,"Census Tract 3161.02, Middlesex County, Massachusetts",Census Tract 3161.02,6646,5916,211,0,288,8,134,89,2352,36,19,32,43,17,29,11,14,54,37,205,199,100,173,754,629,163327,168644,,2439,1772,667,1590,182,609900,,,1208,251,0,251,0,902,55,564,391,911,328,553,107,25,37
25017316201,"Census Tract 3162.01, Middlesex County, Massachusetts",Census Tract 3162.01,4388,3895,55,0,249,0,45,144,1528,14,11,18,37,11,18,0,0,11,37,65,247,122,168,293,476,153333,154750,,1553,1511,42,1334,177,598200,,,910,161,0,161,0,736,13,601,261,493,367,222,73,71,41
25017316202,"Census Tract 3162.02, Middlesex County, Massachusetts",Census Tract 3162.02,3793,2576,237,0,700,0,109,171,1334,18,30,0,22,13,61,23,0,0,30,130,157,160,137,204,349,126797,138500,89250,1334,1284,50,953,331,583200,,,930,244,4,240,0,665,21,354,248,367,303,241,117,39,19
25017316300,"Census Tract 3163, Middlesex County, Massachusetts",Census Tract 3163,8536,6487,326,0,1050,0,159,514,3685,158,61,66,37,59,15,46,198,114,106,205,415,483,259,799,664,116659,140149,104364,3720,2261,1459,1872,389,541100,,,1728,109,12,97,0,1539,80,533,786,1569,762,419,149,0,0
25017316400,"Census Tract 3164, Middlesex County, Massachusetts",Census Tract 3164,6902,5528,301,0,421,0,257,395,2558,29,12,16,0,0,14,145,17,36,43,142,291,169,387,624,633,149191,166232,141100,2558,2076,482,1732,344,584600,,,1440,35,0,35,0,1374,31,636,418,1299,343,348,132,18,0
25017316500,"Census Tract 3165, Middlesex County, Massachusetts",Census Tract 3165,6802,4033,732,0,565,0,582,890,2571,209,34,0,0,20,41,17,123,103,178,129,310,241,394,264,508,107313,138119,61856,2587,1732,855,1362,370,476800,,,1386,365,41,324,0,1003,18,346,648,598,763,360,88,93,21
25017317101,"Census Tract 3171.01, Middlesex County, Massachusetts",Census Tract 3171.01,6486,4779,14,6,737,0,368,582,3029,188,11,212,46,69,66,114,68,67,145,208,217,371,264,280,703,103808,138288,43523,3121,1966,1155,1504,462,525900,,,1116,195,0,195,0,910,11,850,1080,949,545,349,97,9,0
25017317102,"Census Tract 3171.02, Middlesex County, Massachusetts",Census Tract 3171.02,5136,3921,129,49,716,0,12,309,1705,50,0,12,14,38,29,23,11,15,82,61,124,296,190,326,434,131719,133000,113906,1927,1324,603,1108,216,569900,,,1008,233,7,226,12,706,57,316,257,591,271,273,152,147,14
25017317103,"Census Tract 3171.03, Middlesex County, Massachusetts",Census Tract 3171.03,4908,4053,281,0,320,0,84,170,1712,0,14,0,12,0,64,15,0,9,95,49,192,150,136,251,725,160865,162308,91591,1761,1682,79,1481,201,624500,,,1116,157,7,150,0,921,38,566,271,667,244,291,156,31,52
25017317201,"Census Tract 3172.01, Middlesex County, Massachusetts",Census Tract 3172.01,2687,2263,3,12,233,0,44,132,901,0,0,0,25,9,7,0,29,8,23,59,65,44,52,112,468,206875,206875,,901,901,0,765,136,663200,,,626,93,9,84,0,469,64,275,108,329,167,194,80,9,14
25017317202,"Census Tract 3172.02, Middlesex County, Massachusetts",Census Tract 3172.02,4259,3769,0,0,241,0,119,130,1333,0,25,0,0,8,0,11,10,22,17,87,56,80,49,365,603,184531,186648,,1333,1301,32,1152,149,646100,,,909,168,0,168,20,673,48,392,96,498,208,241,136,143,11
25017317203,"Census Tract 3172.03, Middlesex County, Massachusetts",Census Tract 3172.03,3812,3193,3,0,215,0,75,326,1399,54,18,37,29,50,24,14,0,10,31,93,158,139,111,186,445,132868,152083,98184,1469,1198,271,1084,114,499700,,,898,119,26,93,0,774,5,300,337,392,266,283,110,11,0
25017317301,"Census Tract 3173.01, Middlesex County, Massachusetts",Census Tract 3173.01,3418,2401,242,12,603,0,105,55,1100,34,39,0,0,36,11,0,39,10,24,99,142,84,136,187,259,142000,149394,62260,1100,891,209,641,250,516700,,,627,88,62,26,0,539,0,264,210,324,192,189,31,127,27
25017317302,"Census Tract 3173.02, Middlesex County, Massachusetts",Census Tract 3173.02,5514,5016,23,0,222,0,131,122,2317,69,16,74,0,14,55,18,58,35,29,172,273,313,192,615,384,133225,143185,78796,2366,1961,405,1799,162,425000,,,1508,101,10,91,0,1341,66,453,709,629,484,384,31,61,19
25017318100,"Census Tract 3181, Middlesex County, Massachusetts",Census Tract 3181,6831,5174,1,0,1506,0,25,125,2440,11,17,0,56,205,0,0,12,0,88,111,213,163,179,384,1001,162763,166902,,2571,2279,292,1822,457,674000,,,1423,226,16,210,42,1127,28,856,294,977,341,658,118,23,29
25017318200,"Census Tract 3182, Middlesex County, Massachusetts",Census Tract 3182,4976,3238,48,19,1398,0,16,257,1911,67,0,25,27,24,34,40,0,36,41,108,142,240,180,303,644,146319,170726,71058,1947,1630,317,1113,517,616800,,,1236,197,30,167,0,1021,18,394,426,550,391,355,101,88,0
25017318300,"Census Tract 3183, Middlesex County, Massachusetts",Census Tract 3183,8224,5864,14,0,1650,0,335,361,2771,53,8,23,0,18,45,21,0,0,43,52,102,214,239,393,1560,211590,215511,,2914,2599,315,2017,582,715300,,,1719,269,0,269,0,1408,42,880,359,896,730,514,179,71,22
25017318400,"Census Tract 3184, Middlesex County, Massachusetts",Census Tract 3184,4553,3130,11,0,1163,0,88,161,1692,21,37,43,20,39,17,26,9,71,94,76,101,35,194,202,707,154104,207639,47314,1749,1289,460,929,360,767100,,,1047,238,69,169,0,800,9,242,370,517,330,355,110,0,10
25017320102,"Census Tract 3201.02, Middlesex County, Massachusetts",Census Tract 3201.02,5713,4558,66,0,791,0,78,220,1943,25,16,23,0,21,31,7,0,0,32,48,100,126,95,265,1154,244946,249792,163893,1972,1842,130,1501,341,773700,,,1418,292,54,238,0,1086,40,424,242,567,399,554,115,62,4
25017320105,"Census Tract 3201.05, Middlesex County, Massachusetts",Census Tract 3201.05,2464,1909,3,0,335,0,80,137,939,26,21,27,7,55,7,8,36,29,6,39,63,80,21,57,457,185139,250001,29886,949,740,209,568,172,716200,,,553,39,0,39,0,503,11,187,300,229,118,206,44,32,10
25017320106,"Census Tract 3201.06, Middlesex County, Massachusetts",Census Tract 3201.06,6614,5216,67,0,445,0,195,691,2213,31,18,35,0,0,82,63,0,0,100,21,162,95,141,325,1140,215130,223036,87391,2345,1869,476,1610,259,687600,,,1361,117,19,98,0,1244,0,508,294,498,749,576,56,20,20
25017320107,"Census Tract 3201.07, Middlesex County, Massachusetts",Census Tract 3201.07,4259,2214,2,0,1751,0,76,216,1538,34,0,10,18,9,15,40,0,15,54,49,92,50,93,388,671,178621,210347,90043,1641,1209,432,620,589,728500,,,980,97,0,97,0,883,0,229,225,376,497,292,148,0,0
25017321100,"Census Tract 3211, Middlesex County, Massachusetts",Census Tract 3211,6525,4435,103,0,723,0,372,892,2933,139,54,74,122,155,60,38,26,171,140,289,282,326,346,142,569,92634,124618,47925,3061,2005,1056,1526,479,509700,,,1114,126,0,126,0,988,0,891,948,1189,348,303,89,56,0
25017321200,"Census Tract 3212, Middlesex County, Massachusetts",Census Tract 3212,8140,5065,130,23,220,0,1917,785,2768,59,0,33,172,24,92,142,77,84,288,170,258,271,265,477,356,98026,142689,57721,2768,1540,1228,1384,156,477000,,,983,190,101,89,0,760,33,557,764,785,327,436,168,90,198
25017321301,"Census Tract 3213.01, Middlesex County, Massachusetts",Census Tract 3213.01,4650,2622,161,32,56,0,670,1109,2033,92,162,115,39,115,143,129,13,39,19,347,290,216,161,42,111,67261,122908,48100,2158,653,1505,361,292,395200,,,519,10,10,0,0,509,0,134,916,420,252,198,148,60,39
25017321302,"Census Tract 3213.02, Middlesex County, Massachusetts",Census Tract 3213.02,3299,2049,138,0,331,0,498,283,1461,76,0,30,105,0,31,62,88,38,14,196,105,65,268,155,228,96016,116944,,1582,816,766,706,110,475800,,,457,63,0,63,0,350,44,359,411,405,380,246,13,6,0
25017321400,"Census Tract 3214, Middlesex County, Massachusetts",Census Tract 3214,4436,2847,557,0,196,0,113,723,1777,19,0,0,60,64,0,26,79,19,87,124,133,274,204,398,290,125972,117008,141078,1851,1059,792,756,303,521500,,,777,111,20,91,21,623,22,282,459,632,380,212,74,20,0
25017321500,"Census Tract 3215, Middlesex County, Massachusetts",Census Tract 3215,7229,4461,40,0,280,0,703,1745,2952,134,158,15,60,138,14,147,119,0,150,259,319,222,520,444,253,94274,129403,67716,3096,1543,1553,1202,341,464000,,,1116,138,28,110,0,950,28,427,840,1189,199,523,112,45,44
25017321600,"Census Tract 3216, Middlesex County, Massachusetts",Census Tract 3216,7119,3719,383,0,221,0,1547,1249,2725,132,154,24,64,14,11,19,92,125,192,162,306,295,166,359,610,102883,138929,53063,2854,1736,1118,1206,530,526300,,,1077,228,12,216,7,831,11,659,724,835,535,473,72,15,71
25017322100,"Census Tract 3221, Middlesex County, Massachusetts",Census Tract 3221,4843,3795,2,0,385,8,119,534,1587,11,11,11,0,11,10,21,26,17,49,93,209,151,51,385,531,161358,162220,,1704,1547,157,1352,195,584200,,,1177,155,6,149,9,998,15,370,242,531,283,323,124,41,43
25017322200,"Census Tract 3222, Middlesex County, Massachusetts",Census Tract 3222,4381,3504,10,38,389,0,179,261,1980,55,35,56,15,26,47,72,66,48,103,130,237,186,214,282,408,109120,144915,81797,2078,1355,723,1137,218,481200,,,863,105,62,43,0,752,6,492,524,867,301,249,32,7,0
25017322300,"Census Tract 3223, Middlesex County, Massachusetts",Census Tract 3223,5843,4450,93,106,285,0,328,581,2554,175,96,59,39,69,108,122,65,50,274,289,316,262,210,158,262,68665,82556,44692,2797,1694,1103,1505,189,433600,,,848,153,0,153,0,677,18,846,919,862,343,291,98,23,18
25017322400,"Census Tract 3224, Middlesex County, Massachusetts",Census Tract 3224,4892,4239,87,0,95,0,376,95,1920,30,38,26,40,27,45,13,21,44,76,162,202,201,180,348,467,127976,146136,93750,1981,1396,585,1275,121,468600,,,872,109,5,104,0,748,15,524,409,722,263,365,152,9,0
25017323101,"Census Tract 3231.01, Middlesex County, Massachusetts",Census Tract 3231.01,3702,3230,168,0,69,0,81,154,1485,31,50,0,27,41,0,35,22,17,43,166,53,88,18,315,579,169120,207614,70992,1515,1111,404,1031,80,672900,,,767,175,0,175,0,565,27,344,372,573,140,235,154,11,0
25017323102,"Census Tract 3231.02, Middlesex County, Massachusetts",Census Tract 3231.02,3407,2703,57,0,315,0,161,171,1246,9,6,86,7,0,0,0,53,4,31,63,55,51,32,240,609,194722,194792,,1246,1225,21,1012,213,650200,,,944,171,0,171,0,729,44,281,130,396,404,251,36,29,0
25017324101,"Census Tract 3241.01, Middlesex County, Massachusetts",Census Tract 3241.01,5682,4813,3,0,605,0,71,190,2082,72,21,0,75,63,0,35,57,9,56,217,135,177,212,310,643,134244,165200,65104,2227,1782,445,1560,222,614500,,,1175,194,0,194,0,936,45,607,510,509,466,449,109,15,24
25017324102,"Census Tract 3241.02, Middlesex County, Massachusetts",Census Tract 3241.02,4468,3717,58,35,345,0,69,244,1555,53,25,17,0,29,15,31,43,0,46,126,123,76,116,229,626,166493,190833,57375,1631,1292,339,1127,165,659600,,,912,162,0,162,0,715,35,380,246,505,306,323,95,49,31
25017325101,"Census Tract 3251.01, Middlesex County, Massachusetts",Census Tract 3251.01,3958,3099,38,0,259,0,0,562,1629,75,0,8,10,26,27,48,26,38,0,218,172,150,97,212,522,137656,160909,95346,1736,1250,486,1164,86,410000,,,975,120,0,120,0,794,61,275,512,347,434,301,14,12,9
25017325102,"Census Tract 3251.02, Middlesex County, Massachusetts",Census Tract 3251.02,4533,3193,320,6,122,0,381,511,1987,82,52,10,10,135,117,8,0,105,256,164,197,156,173,267,255,88040,120069,53525,2140,1293,847,1094,199,422300,,,855,171,0,171,0,661,23,438,899,464,327,124,52,105,16
25017326101,"Census Tract 3261.01, Middlesex County, Massachusetts",Census Tract 3261.01,5181,4424,66,0,405,0,44,242,1533,29,36,19,37,0,8,3,56,48,23,80,134,117,124,121,698,167188,199667,66518,1592,1338,254,1144,194,671900,,,946,154,13,141,0,788,4,392,280,403,209,373,198,31,39
25017326102,"Census Tract 3261.02, Middlesex County, Massachusetts",Census Tract 3261.02,6084,5142,48,0,271,0,27,596,2135,144,13,0,47,80,52,15,13,30,136,50,95,93,60,269,1038,195625,218077,,2190,1940,250,1691,249,674900,,,1351,298,16,282,0,1023,30,589,445,569,488,474,108,0,51
25017327101,"Census Tract 3271.01, Middlesex County, Massachusetts",Census Tract 3271.01,4103,3832,46,0,29,0,28,168,1312,46,0,0,0,10,36,9,12,0,72,72,98,147,93,216,501,164583,168299,112917,1391,1223,168,1119,104,490700,,,902,97,0,97,0,783,22,321,144,454,202,243,186,57,26
25017327102,"Census Tract 3271.02, Middlesex County, Massachusetts",Census Tract 3271.02,3875,3406,33,0,260,0,30,146,1549,15,0,0,54,75,12,30,24,46,26,146,159,137,213,204,408,128125,132444,76900,1549,1231,318,1181,50,415800,,,853,94,25,69,0,738,21,378,346,530,334,265,62,12,0
25017327103,"Census Tract 3271.03, Middlesex County, Massachusetts",Census Tract 3271.03,3678,2847,234,0,370,0,0,227,1452,107,38,33,52,66,0,22,39,0,109,100,181,125,95,248,237,98779,125795,22361,1567,1139,428,997,142,474700,,,802,105,9,96,0,667,30,337,485,415,244,216,15,15,62
25017328100,"Census Tract 3281, Middlesex County, Massachusetts",Census Tract 3281,3375,3071,41,0,79,0,4,180,1135,13,0,7,0,9,13,10,25,12,17,24,72,128,96,112,597,202379,205179,75833,1167,1089,78,1000,89,624300,,,783,178,6,172,4,559,42,306,115,424,197,238,136,25,0
25017330101,"Census Tract 3301.01, Middlesex County, Massachusetts",Census Tract 3301.01,3458,3031,0,0,79,0,88,260,1204,10,0,0,40,0,12,43,0,0,0,28,29,80,44,245,673,215781,218313,,1204,1169,35,1051,118,814100,,,781,239,0,239,0,528,14,388,120,383,360,271,40,20,10
25017330102,"Census Tract 3301.02, Middlesex County, Massachusetts",Census Tract 3301.02,5118,4471,1,0,245,0,0,401,1831,23,0,23,18,44,0,33,0,183,21,122,85,294,110,318,557,141979,161417,46085,1831,1629,202,1483,146,713200,,,1192,244,0,244,18,922,8,437,324,671,291,277,192,50,26
25017330201,"Census Tract 3302.01, Middlesex County, Massachusetts",Census Tract 3302.01,3088,2867,10,0,141,0,15,55,1165,6,0,5,0,12,0,12,1,54,89,34,254,53,45,207,393,167938,177739,62708,1172,1041,131,999,42,632700,,,812,69,0,69,0,743,0,229,242,299,385,180,34,25,0
25017330202,"Census Tract 3302.02, Middlesex County, Massachusetts",Census Tract 3302.02,3970,3405,61,0,383,0,7,114,1656,134,0,0,36,0,10,47,75,50,143,148,181,146,131,241,314,100345,124455,63558,1713,1071,642,979,92,615900,,,722,75,12,63,0,617,30,349,522,479,380,208,23,44,0
25017331101,"Census Tract 3311.01, Middlesex County, Massachusetts",Census Tract 3311.01,3277,2846,105,0,103,0,0,223,1189,41,16,0,11,13,0,0,0,16,55,55,107,119,89,168,499,168750,165104,211618,1252,951,301,876,75,725900,,,589,168,12,156,0,421,0,362,212,438,164,261,55,59,0
25017331102,"Census Tract 3311.02, Middlesex County, Massachusetts",Census Tract 3311.02,7022,6508,22,17,193,0,24,258,2318,15,0,12,15,35,0,43,46,0,158,88,196,128,196,312,1074,179079,189762,,2378,2156,222,1972,184,652300,,,1458,362,32,330,13,1051,32,698,411,684,463,440,265,55,0
25017331200,"Census Tract 3312, Middlesex County, Massachusetts",Census Tract 3312,5721,4901,64,0,296,0,89,371,1929,10,15,0,7,9,9,41,33,25,74,108,189,165,176,540,528,158422,167917,74951,1967,1719,248,1556,163,609900,,,1327,268,0,268,9,1050,0,392,180,574,492,458,165,47,13
25017331300,"Census Tract 3313, Middlesex County, Massachusetts",Census Tract 3313,7175,5872,104,0,422,0,0,777,2435,61,84,157,0,0,33,34,15,14,160,139,193,222,128,506,689,142266,163469,,2435,2015,420,1864,151,647400,,,1495,291,0,291,0,1124,80,520,426,900,341,503,162,13,90
25017332100,"Census Tract 3321, Middlesex County, Massachusetts",Census Tract 3321,5758,4613,15,0,856,0,0,274,1890,0,12,16,0,0,26,0,0,20,33,78,196,91,124,388,906,186118,190972,144100,2015,1812,203,1443,369,687000,,,1198,187,31,156,16,945,50,614,173,712,432,314,93,83,83
25017332201,"Census Tract 3322.01, Middlesex County, Massachusetts",Census Tract 3322.01,2228,1854,2,0,216,0,0,156,937,0,44,14,6,15,0,123,27,32,21,32,92,160,2,155,214,101408,105417,43938,960,626,334,557,69,661200,,,335,40,7,33,7,284,4,291,295,322,185,53,35,47,0
25017332202,"Census Tract 3322.02, Middlesex County, Massachusetts",Census Tract 3322.02,6726,5192,291,11,952,0,35,245,2836,92,86,98,22,43,101,31,48,34,320,73,237,226,398,380,647,126094,141849,91835,2905,1713,1192,1461,252,662700,,,926,225,41,184,0,600,101,787,599,1336,407,378,116,0,0
25017332300,"Census Tract 3323, Middlesex County, Massachusetts",Census Tract 3323,6884,5156,315,0,722,11,208,472,2538,52,17,111,18,0,19,37,28,196,47,43,249,308,269,329,815,138770,150625,,2646,2280,366,1895,385,708000,,,1473,184,17,167,0,1243,46,807,317,1004,614,444,64,95,0
25017332401,"Census Tract 3324.01, Middlesex County, Massachusetts",Census Tract 3324.01,2543,1700,23,0,492,0,94,234,867,14,7,19,8,21,5,16,35,0,57,24,129,20,85,119,308,146146,153068,59286,918,803,115,601,202,650900,,,412,72,7,65,0,306,34,391,161,264,176,224,26,8,8
25017332402,"Census Tract 3324.02, Middlesex County, Massachusetts",Census Tract 3324.02,2084,1553,2,0,302,0,59,168,988,0,71,8,51,29,9,0,21,25,0,138,86,55,63,177,255,127750,145125,122639,1089,267,822,222,45,681900,,,140,49,18,31,0,91,0,127,391,345,161,58,33,0,0
25017333100,"Census Tract 3331, Middlesex County, Massachusetts",Census Tract 3331,7412,5682,809,0,486,0,162,273,3088,73,65,15,44,78,54,66,7,12,201,153,579,298,175,471,797,116864,135682,88542,3121,2258,863,1947,311,679600,,,1434,171,0,171,0,1044,219,824,878,995,740,340,77,47,11
25017333200,"Census Tract 3332, Middlesex County, Massachusetts",Census Tract 3332,5203,4519,76,0,230,0,23,355,2030,85,120,41,15,46,115,41,75,12,91,181,259,95,74,269,511,93110,143447,60403,2073,1215,858,1135,80,597800,,,823,129,9,120,11,672,11,392,613,652,199,310,224,0,32
25017333300,"Census Tract 3333, Middlesex County, Massachusetts",Census Tract 3333,4188,3527,45,0,127,0,181,308,1628,93,96,12,6,45,26,90,0,34,112,71,251,156,84,348,204,96354,145208,77708,1790,863,927,813,50,591100,,,716,56,12,44,0,640,20,147,423,556,208,291,120,0,30
25017333400,"Census Tract 3334, Middlesex County, Massachusetts",Census Tract 3334,6586,5540,84,0,174,0,116,672,2554,70,103,0,67,54,7,70,93,0,36,120,283,554,211,307,579,109492,131629,88854,2554,1565,989,1440,125,664400,,,974,172,18,154,0,802,0,591,698,676,537,459,73,109,2
25017333501,"Census Tract 3335.01, Middlesex County, Massachusetts",Census Tract 3335.01,4924,3604,439,9,386,0,180,306,1940,49,45,0,28,84,60,10,76,56,80,183,265,125,139,228,512,101667,151853,65857,1940,1343,597,1189,154,687900,,,960,143,16,127,0,817,0,383,441,656,456,201,143,20,23
25017333502,"Census Tract 3335.02, Middlesex County, Massachusetts",Census Tract 3335.02,3638,2353,57,0,212,0,616,400,1358,24,22,15,62,84,23,33,4,84,37,88,183,112,145,140,302,112917,166339,72014,1447,587,860,496,91,643200,,,475,15,0,15,0,453,7,112,343,452,243,181,48,91,0
25017333601,"Census Tract 3336.01, Middlesex County, Massachusetts",Census Tract 3336.01,1981,1233,245,0,287,0,107,109,959,39,0,16,0,56,20,0,0,0,57,47,108,116,222,68,210,128254,140903,128015,1019,53,966,47,6,641000,,,31,0,0,0,0,31,0,22,292,386,235,46,0,0,0
25017333602,"Census Tract 3336.02, Middlesex County, Massachusetts",Census Tract 3336.02,7273,4630,690,22,1463,65,250,153,2803,40,60,78,14,89,81,88,67,46,115,215,557,201,168,279,705,92340,163125,75413,3038,1545,1493,1139,406,591800,,,1132,141,0,141,0,924,67,413,531,1030,530,427,257,28,0
25017334100,"Census Tract 3341, Middlesex County, Massachusetts",Census Tract 3341,6865,6150,0,17,319,0,27,352,2547,25,13,14,59,91,30,25,13,39,146,110,136,215,155,377,1099,177770,177109,182237,2692,2039,653,1905,134,742200,,,1419,273,18,255,0,1080,66,620,509,926,356,554,191,0,11
25017334200,"Census Tract 3342, Middlesex County, Massachusetts",Census Tract 3342,4246,3953,0,0,44,0,47,202,1704,19,10,106,102,31,42,36,24,8,22,103,164,111,81,220,625,145000,205208,,1730,1205,525,1170,35,729500,,,923,216,6,210,6,693,8,282,558,473,240,243,172,8,10
25017334300,"Census Tract 3343, Middlesex County, Massachusetts",Census Tract 3343,7738,6941,43,0,211,0,98,445,2743,35,0,71,56,36,16,54,36,0,16,176,267,319,189,301,1171,163993,175589,42500,2779,2495,284,2290,205,830200,,,1877,392,21,371,0,1323,162,618,387,1008,488,598,218,41,3
25017334400,"Census Tract 3344, Middlesex County, Massachusetts",Census Tract 3344,6599,5117,32,0,1011,0,20,419,2580,117,19,20,25,57,47,78,104,17,36,90,258,277,163,340,932,148816,171611,93322,2681,2217,464,1939,278,656600,,,1266,282,42,240,12,939,33,951,728,896,196,533,92,135,0
25017335100,"Census Tract 3351, Middlesex County, Massachusetts",Census Tract 3351,5949,5474,12,0,351,0,41,71,2645,200,0,43,130,63,19,99,17,15,139,173,198,424,96,465,564,117886,142617,64205,2860,1773,1087,1635,138,648500,,,1173,121,0,121,19,939,94,600,1021,705,449,367,93,10,0
25017335200,"Census Tract 3352, Middlesex County, Massachusetts",Census Tract 3352,6632,5856,32,0,185,0,58,501,2621,36,21,44,15,26,201,103,42,0,60,76,220,375,337,338,727,130385,177634,111471,2621,1635,986,1557,78,678400,,,1255,190,0,190,0,1065,0,380,624,921,520,441,80,32,3
25017335301,"Census Tract 3353.01, Middlesex County, Massachusetts",Census Tract 3353.01,4425,3688,142,0,303,0,23,269,1913,80,60,47,21,40,11,16,104,34,31,116,234,245,182,246,446,113880,140960,76667,1952,1223,729,1029,194,649300,,,899,200,41,159,51,648,0,324,707,487,419,162,110,8,20
25017335302,"Census Tract 3353.02, Middlesex County, Massachusetts",Census Tract 3353.02,5014,4525,26,0,76,0,161,226,1942,75,0,75,25,31,14,19,19,3,87,97,205,192,109,234,757,157222,186023,89031,2098,1481,617,1424,57,705500,,,1175,239,4,235,0,934,2,306,575,629,319,217,136,66,0
25017335400,"Census Tract 3354, Middlesex County, Massachusetts",Census Tract 3354,5264,4462,16,17,409,0,64,296,1945,24,25,31,8,31,23,8,20,36,49,86,165,250,185,282,722,156420,182679,87283,1995,1683,312,1487,196,673400,,,1320,278,34,244,0,985,57,363,336,790,346,349,87,28,9
25017336100,"Census Tract 3361, Middlesex County, Massachusetts",Census Tract 3361,5472,4068,157,0,476,0,230,541,2572,140,70,113,41,13,187,0,0,34,217,195,191,341,181,197,652,111439,150357,50147,2758,1612,1146,1416,196,803600,,,1088,271,0,271,0,741,76,524,1034,666,467,370,20,15,0
25017336201,"Census Tract 3362.01, Middlesex County, Massachusetts",Census Tract 3362.01,2923,2737,69,0,71,0,8,38,1227,54,44,0,0,61,0,5,0,14,32,70,43,97,47,289,471,184923,184235,193267,1227,1124,103,1076,48,856500,,,714,196,31,165,0,443,75,410,124,670,216,217,0,0,0
25017336202,"Census Tract 3362.02, Middlesex County, Massachusetts",Census Tract 3362.02,3223,2940,11,0,84,0,63,125,1298,41,0,27,50,12,0,84,34,0,68,97,100,80,81,105,519,140625,145250,111167,1306,1178,128,1030,148,889100,,,700,221,0,221,0,445,34,478,411,455,82,269,45,36,0
25017336300,"Census Tract 3363, Middlesex County, Massachusetts",Census Tract 3363,6946,6009,9,0,544,0,37,347,2582,93,0,43,30,16,49,31,16,63,58,154,230,185,229,377,1008,160750,157500,207595,2615,2228,387,1985,243,793500,,,1650,193,0,193,0,1443,14,578,504,910,374,615,124,55,0
25017336402,"Census Tract 3364.02, Middlesex County, Massachusetts",Census Tract 3364.02,5129,3452,2,0,1106,0,159,410,2019,90,32,133,55,64,122,85,60,0,59,77,198,162,125,225,532,101797,161438,39292,2072,1109,963,898,211,682500,,,800,184,0,184,0,584,32,309,865,408,331,246,102,0,67
25017336403,"Census Tract 3364.03, Middlesex County, Massachusetts",Census Tract 3364.03,3316,2147,260,8,363,0,151,387,1611,31,25,52,17,27,0,17,73,57,177,91,177,76,146,271,374,121745,166067,90882,1655,483,1172,408,75,705200,,,354,128,0,128,0,226,0,129,614,609,192,86,92,0,18
25017336404,"Census Tract 3364.04, Middlesex County, Massachusetts",Census Tract 3364.04,2479,1828,141,0,204,0,0,306,1059,34,0,0,69,19,45,40,72,12,91,46,115,95,69,131,221,92188,129063,55536,1091,654,437,384,270,705800,,,435,195,18,177,0,235,5,219,289,322,269,179,0,0,0
25017337101,"Census Tract 3371.01, Middlesex County, Massachusetts",Census Tract 3371.01,2861,2205,68,9,455,0,60,64,1201,30,22,73,79,34,11,12,17,44,31,79,143,65,83,150,328,115592,155300,,1209,912,297,802,110,649000,,,642,89,0,89,0,501,52,270,417,352,193,112,96,18,13
25017337102,"Census Tract 3371.02, Middlesex County, Massachusetts",Census Tract 3371.02,5674,4928,17,0,328,0,180,221,2059,36,36,39,0,14,36,28,0,14,148,131,182,261,153,292,689,143365,160109,102236,2232,1824,408,1550,274,649900,,,1224,267,62,205,0,940,17,600,507,667,256,389,166,74,0
25017337201,"Census Tract 3372.01, Middlesex County, Massachusetts",Census Tract 3372.01,3206,2580,21,0,134,0,113,358,1433,16,53,45,149,48,22,15,20,8,62,127,216,85,52,139,376,94276,172667,45156,1470,900,570,811,89,638500,,,528,51,0,51,0,444,33,372,485,483,186,243,31,0,5
25017337202,"Census Tract 3372.02, Middlesex County, Massachusetts",Census Tract 3372.02,5126,4278,42,0,131,0,85,590,2146,54,20,0,64,22,127,161,70,14,141,72,223,173,137,297,571,118333,163464,39511,2182,1551,631,1516,35,634100,,,1105,188,33,155,0,917,0,446,746,601,226,488,79,6,0
25017337300,"Census Tract 3373, Middlesex County, Massachusetts",Census Tract 3373,6119,5095,55,0,578,0,96,295,2681,86,75,100,0,8,88,40,69,1,122,118,440,366,218,415,535,105645,123438,103777,2739,1582,1157,1405,177,592600,,,855,93,75,18,0,762,0,727,756,1076,415,289,114,0,31
25017338100,"Census Tract 3381, Middlesex County, Massachusetts",Census Tract 3381,3284,2435,0,0,473,0,28,348,1125,65,0,0,24,12,17,0,92,11,24,20,98,16,56,111,579,205759,217917,151389,1140,969,171,832,137,1098600,,,620,110,6,104,0,465,45,349,174,363,229,222,100,13,24
25017338200,"Census Tract 3382, Middlesex County, Massachusetts",Census Tract 3382,4067,2090,394,0,1150,0,19,414,1556,57,7,66,27,22,16,7,0,0,84,69,161,214,102,169,555,139375,163485,120230,1568,1134,434,665,469,774600,,,727,107,55,52,0,588,32,407,477,425,204,300,126,24,0
25017338300,"Census Tract 3383, Middlesex County, Massachusetts",Census Tract 3383,3483,3085,49,0,175,0,32,142,1354,16,49,49,80,22,51,0,35,0,27,43,76,60,47,100,699,213611,250001,,1416,959,457,833,126,1363600,,,637,154,11,143,0,464,19,322,443,332,213,238,100,19,9
25017338400,"Census Tract 3384, Middlesex County, Massachusetts",Census Tract 3384,6024,4052,141,35,1255,0,107,434,2161,19,0,0,0,4,15,0,0,0,50,76,52,28,58,390,1469,250001,250001,176199,2240,2007,233,1496,511,1285800,,,1363,492,52,440,0,818,53,644,296,747,324,493,256,45,0
25017338500,"Census Tract 3385, Middlesex County, Massachusetts",Census Tract 3385,6004,4884,100,38,532,0,155,295,1858,52,37,66,19,11,0,19,20,45,39,20,39,82,175,126,1108,250001,250001,,1919,1645,274,1367,278,1324100,,,1238,243,14,229,0,984,11,407,231,535,272,520,248,52,0
25017339101,"Census Tract 3391.01, Middlesex County, Massachusetts",Census Tract 3391.01,3091,2063,336,0,353,0,94,245,1785,89,287,90,55,31,22,171,9,80,8,196,129,85,63,107,363,62104,97760,,1911,995,916,727,268,685000,,,403,99,0,99,0,293,11,592,985,495,210,40,29,0,26
25017339102,"Census Tract 3391.02, Middlesex County, Massachusetts",Census Tract 3391.02,3348,3045,10,0,95,0,57,141,1258,19,0,0,0,38,61,28,19,33,102,97,113,70,106,133,439,141207,147679,,1267,1168,99,1110,58,787200,,,701,99,0,99,0,578,24,467,266,479,212,248,41,0,12
25017339200,"Census Tract 3392, Middlesex County, Massachusetts",Census Tract 3392,5719,5122,26,0,219,0,20,332,2228,22,0,0,38,28,16,13,39,31,54,129,143,195,171,334,1015,185781,219943,125208,2346,1661,685,1534,127,901500,,,1162,201,0,201,0,947,14,499,376,932,529,263,128,0,0
25017339300,"Census Tract 3393, Middlesex County, Massachusetts",Census Tract 3393,3069,1807,689,0,140,0,86,347,1208,32,82,38,7,7,0,14,6,0,79,171,148,75,68,152,329,108889,163558,73542,1220,615,605,400,215,679400,,,443,69,0,69,0,362,12,172,261,504,178,180,77,8,0
25017339400,"Census Tract 3394, Middlesex County, Massachusetts",Census Tract 3394,3821,3121,117,0,298,0,19,266,1503,43,133,0,14,50,35,39,51,77,34,112,85,93,41,216,480,118352,161250,92125,1521,616,905,559,57,757400,,,438,43,0,43,0,357,38,178,409,431,247,381,25,10,0
25017339500,"Census Tract 3395, Middlesex County, Massachusetts",Census Tract 3395,5506,4064,135,0,529,14,228,536,1698,20,47,26,36,38,47,37,161,22,98,161,199,106,119,344,237,94122,128250,73864,1820,702,1118,589,113,736500,,,352,37,11,26,0,305,10,350,450,713,299,196,17,23,0
25017339600,"Census Tract 3396, Middlesex County, Massachusetts",Census Tract 3396,5174,3369,121,0,494,0,849,341,2150,21,13,48,36,54,78,32,46,0,69,96,207,206,292,344,608,136040,135263,136508,2340,794,1546,675,119,625000,,,417,19,0,19,0,398,0,377,515,776,433,121,109,196,0
25017339700,"Census Tract 3397, Middlesex County, Massachusetts",Census Tract 3397,3675,2188,309,0,493,0,168,517,1831,282,89,28,136,0,8,5,68,142,72,195,160,115,99,154,278,69539,77969,53333,1896,819,1077,600,219,704200,,,337,24,24,0,0,294,19,482,692,567,396,121,33,22,0
25017339802,"Census Tract 3398.02, Middlesex County, Massachusetts",Census Tract 3398.02,4769,2805,832,11,834,0,137,150,2156,18,56,139,0,79,79,0,33,113,62,84,256,105,71,498,563,145263,189516,98182,2426,932,1494,735,197,696900,,,566,87,25,62,0,452,27,366,791,799,198,179,176,13,0
25017339803,"Census Tract 3398.03, Middlesex County, Massachusetts",Census Tract 3398.03,3812,2228,89,0,1356,0,24,115,1977,219,65,28,11,58,62,15,0,72,38,53,188,336,71,177,584,109922,83393,116284,2118,375,1743,173,202,746100,,,96,0,0,0,0,96,0,279,635,1015,214,52,61,0,0
25017339804,"Census Tract 3398.04, Middlesex County, Massachusetts",Census Tract 3398.04,2580,1236,317,0,600,0,94,333,1041,29,0,0,16,0,6,0,5,8,30,139,180,161,33,289,145,118482,119583,108274,1088,688,400,375,313,742900,,,292,25,9,16,0,249,18,396,241,328,197,128,122,25,0
25017339900,"Census Tract 3399, Middlesex County, Massachusetts",Census Tract 3399,5174,3639,328,0,514,0,10,683,2142,85,36,79,84,17,0,18,8,131,97,238,127,339,145,381,357,107720,154792,101917,2242,1109,1133,830,279,648800,,,797,198,0,198,0,580,19,312,737,614,377,186,191,0,37
25017340000,"Census Tract 3400, Middlesex County, Massachusetts",Census Tract 3400,2701,1773,225,0,479,0,15,209,1002,11,17,0,46,13,44,9,33,40,63,62,39,178,141,127,179,116605,127517,115407,1034,561,473,415,146,585900,,,326,54,0,54,0,251,21,235,186,285,223,226,82,0,0
25017340100,"Census Tract 3401, Middlesex County, Massachusetts",Census Tract 3401,6623,4549,336,0,676,0,504,558,2593,67,36,54,11,86,62,121,0,0,49,274,197,212,97,442,885,154453,174927,68547,2650,2003,647,1528,475,687200,,,1645,116,34,82,0,1477,52,358,485,979,698,269,112,36,14
25017341101,"Census Tract 3411.01, Middlesex County, Massachusetts",Census Tract 3411.01,4092,2009,442,15,1256,0,128,242,1445,40,0,3,41,19,36,33,12,92,60,52,127,108,115,321,386,144750,175106,108778,1543,1110,433,640,470,739000,,,819,126,50,76,39,609,45,291,171,536,349,270,61,13,45
25017341102,"Census Tract 3411.02, Middlesex County, Massachusetts",Census Tract 3411.02,5593,3005,179,65,1606,0,334,404,2428,183,68,137,31,119,45,47,15,31,62,179,389,228,100,323,471,93350,128542,75233,2542,1045,1497,704,341,611700,,,759,35,0,35,24,700,0,286,799,723,511,234,83,78,0
25017341200,"Census Tract 3412, Middlesex County, Massachusetts",Census Tract 3412,6969,3181,352,0,2553,0,468,415,2628,0,107,32,100,83,172,104,31,51,55,247,470,131,264,244,537,90541,95375,90135,2839,1484,1355,759,725,709000,,,1002,243,107,136,0,742,17,482,557,870,351,645,141,64,0
25017341301,"Census Tract 3413.01, Middlesex County, Massachusetts",Census Tract 3413.01,4290,890,591,0,2548,0,90,171,2197,322,54,103,68,34,108,32,27,32,42,226,311,117,113,310,298,77004,75208,77426,2286,96,2190,41,55,621600,,,54,12,12,0,0,42,0,42,1049,600,328,177,21,22,0
25017341302,"Census Tract 3413.02, Middlesex County, Massachusetts",Census Tract 3413.02,2584,1396,324,0,524,0,99,241,1202,85,35,14,0,72,24,9,15,13,75,127,103,127,59,321,123,101908,,102105,1245,238,1007,163,75,683300,,,66,0,0,0,0,66,0,172,347,552,163,60,75,0,5
25017341400,"Census Tract 3414, Middlesex County, Massachusetts",Census Tract 3414,6715,2716,1577,0,1754,0,36,632,2499,21,0,107,167,46,33,8,101,8,187,261,454,292,375,194,245,88625,126826,68507,2746,1291,1455,515,776,565600,,,723,52,8,44,0,638,33,568,567,724,621,297,170,0,120
25017341500,"Census Tract 3415, Middlesex County, Massachusetts",Census Tract 3415,4775,1907,832,0,1274,0,413,349,1730,93,84,30,41,36,64,12,23,20,132,66,251,258,163,178,279,101016,120852,77159,1869,861,1008,411,450,486200,,,535,90,23,67,0,436,9,326,406,555,282,226,135,52,74
25017341600,"Census Tract 3416, Middlesex County, Massachusetts",Census Tract 3416,6472,3292,1066,19,1172,0,197,726,2719,180,101,0,87,218,145,77,0,24,88,186,258,369,211,391,384,94816,126466,62156,2972,1394,1578,837,557,580000,,,902,109,0,109,0,793,0,492,852,872,439,341,204,11,0
25017341700,"Census Tract 3417, Middlesex County, Massachusetts",Census Tract 3417,6144,3199,1076,0,760,0,92,1017,2213,103,142,32,33,0,81,105,61,51,91,160,250,149,118,363,474,97372,161755,40656,2257,1387,870,776,611,643300,,,1083,230,28,202,0,837,16,304,501,664,439,285,200,71,53
25017341800,"Census Tract 3418, Middlesex County, Massachusetts",Census Tract 3418,6435,2525,1239,46,1627,0,561,437,2731,136,110,176,191,189,166,13,43,75,378,185,333,227,208,83,218,56409,97155,53554,2877,702,2175,332,370,585600,,,532,173,16,157,0,319,40,170,576,1055,481,491,128,0,0
25017341901,"Census Tract 3419.01, Middlesex County, Massachusetts",Census Tract 3419.01,1138,575,78,0,231,0,101,153,423,0,5,21,0,0,27,25,29,18,13,23,42,45,33,99,43,100966,124583,82115,482,303,179,200,103,582700,,,143,36,0,36,0,107,0,160,55,169,78,87,34,0,0
25017341903,"Census Tract 3419.03, Middlesex County, Massachusetts",Census Tract 3419.03,7110,3143,820,54,2234,0,228,631,3023,155,33,0,0,75,32,40,17,49,165,269,234,422,524,648,360,125380,131316,120378,3282,726,2556,428,298,490200,,,446,107,40,67,17,305,17,280,678,1302,556,407,74,6,0
25017341904,"Census Tract 3419.04, Middlesex County, Massachusetts",Census Tract 3419.04,3192,1266,441,17,1206,0,30,232,1081,66,0,25,23,63,23,75,88,29,97,27,90,77,179,88,131,86131,130404,50904,1103,433,670,322,111,606400,,,282,45,0,45,0,237,0,151,218,213,217,295,102,36,0
25017342101,"Census Tract 3421.01, Middlesex County, Massachusetts",Census Tract 3421.01,5487,2554,883,0,262,0,1170,618,1750,153,41,0,47,27,35,42,57,47,114,151,180,245,160,348,103,98813,135888,68529,1814,730,1084,332,398,596800,,,447,0,0,0,0,447,0,283,306,466,380,434,54,110,0
25017342102,"Census Tract 3421.02, Middlesex County, Massachusetts",Census Tract 3421.02,4870,1536,1026,0,878,57,526,847,1622,51,159,70,60,36,48,36,80,85,101,79,231,88,107,168,223,75682,122083,49922,1699,424,1275,219,205,579300,,,297,24,24,0,0,256,17,127,422,429,271,200,132,72,96
25017342201,"Census Tract 3422.01, Middlesex County, Massachusetts",Census Tract 3422.01,5646,2570,746,105,640,0,580,1005,2302,190,80,38,0,134,35,62,53,28,175,145,351,514,91,250,156,94429,114208,71406,2480,769,1711,417,352,621500,,,660,145,0,145,0,515,0,109,593,429,545,590,118,27,0
25017342202,"Census Tract 3422.02, Middlesex County, Massachusetts",Census Tract 3422.02,3931,1321,687,0,502,0,568,853,1467,40,73,124,124,15,6,5,84,18,108,150,141,140,73,185,181,73650,95595,56161,1544,856,688,333,523,533800,,,624,36,5,31,0,579,9,232,451,208,225,393,125,65,0
25017342301,"Census Tract 3423.01, Middlesex County, Massachusetts",Census Tract 3423.01,3903,1072,662,0,46,0,717,1406,1132,0,63,25,54,28,26,146,10,25,45,12,116,101,34,139,308,107625,178344,36717,1155,715,440,337,378,685300,,,513,25,0,25,0,488,0,202,213,337,170,201,37,131,43
25017342302,"Census Tract 3423.02, Middlesex County, Massachusetts",Census Tract 3423.02,3624,1755,515,0,187,0,306,861,1250,28,72,47,0,38,0,18,48,0,96,54,256,141,202,123,127,98788,119479,78877,1333,593,740,347,246,634200,,,465,89,54,35,0,360,16,128,318,171,340,327,15,23,56
25017342401,"Census Tract 3424.01, Middlesex County, Massachusetts",Census Tract 3424.01,3674,1449,132,0,128,0,481,1484,1633,178,155,208,14,74,6,15,80,0,110,112,195,117,118,50,201,59227,99657,37083,1918,468,1450,303,165,558400,,,342,26,0,26,0,316,0,126,525,577,341,108,44,18,20
25017342402,"Census Tract 3424.02, Middlesex County, Massachusetts",Census Tract 3424.02,4362,1812,148,0,447,0,286,1669,1687,42,107,89,89,65,77,0,50,69,62,62,255,147,121,191,261,87772,106375,83417,1903,375,1528,271,104,576400,,,255,13,0,13,0,233,9,120,373,709,175,103,244,83,0
25017342501,"Census Tract 3425.01, Middlesex County, Massachusetts",Census Tract 3425.01,4703,2555,624,94,141,0,681,608,1572,121,62,9,175,43,44,0,135,35,39,243,125,87,154,140,160,67717,100909,65758,1702,540,1162,324,216,533200,,,436,86,39,47,0,298,52,104,338,377,226,359,160,34,78
25017342502,"Census Tract 3425.02, Middlesex County, Massachusetts",Census Tract 3425.02,3442,1853,276,0,186,0,340,787,1087,83,9,118,18,141,0,8,14,81,48,151,170,26,11,64,145,63652,,63897,1151,300,851,197,103,574600,,,188,30,15,15,51,107,0,112,151,369,293,217,57,0,0
25017342600,"Census Tract 3426, Middlesex County, Massachusetts",Census Tract 3426,5594,2494,604,127,442,50,475,1402,1760,44,45,24,0,92,25,150,0,90,119,238,263,156,198,146,170,83448,92667,80167,1842,534,1308,360,174,650000,,,427,12,0,12,0,415,0,107,238,515,357,354,172,39,85
25017350105,"Census Tract 3501.05, Middlesex County, Massachusetts",Census Tract 3501.05,1271,1008,42,0,149,6,11,55,519,0,9,11,11,11,7,42,14,0,0,22,55,67,40,65,165,130536,117404,170227,543,265,278,238,27,780600,,,132,28,6,22,0,96,8,133,121,224,100,43,19,8,4
25017350106,"Census Tract 3501.06, Middlesex County, Massachusetts",Census Tract 3501.06,2165,1277,64,0,591,0,73,160,1217,75,30,23,0,30,0,24,20,47,31,63,129,97,72,137,439,139688,250001,129125,1232,70,1162,9,61,1025000,,,54,0,0,0,0,54,0,16,511,582,81,25,0,0,18
25017350107,"Census Tract 3501.07, Middlesex County, Massachusetts",Census Tract 3501.07,1334,1122,5,0,18,0,178,11,418,20,0,9,12,14,0,5,0,0,17,21,53,69,29,124,45,121250,125474,120104,480,165,315,119,46,871300,,,138,29,0,29,0,109,0,27,72,78,73,104,56,35,0
25017350108,"Census Tract 3501.08, Middlesex County, Massachusetts",Census Tract 3501.08,3814,2320,340,10,443,0,416,285,1671,33,90,155,43,37,122,7,33,8,46,163,109,167,145,191,322,98359,149042,71528,1813,465,1348,369,96,668500,,,345,65,0,65,0,280,0,120,413,727,302,127,56,46,0
25017350109,"Census Tract 3501.09, Middlesex County, Massachusetts",Census Tract 3501.09,2500,1230,234,14,179,0,614,229,949,18,8,112,26,0,30,0,15,16,80,41,79,150,34,120,220,111201,119444,110280,963,196,767,63,133,745600,,,163,4,0,4,0,151,8,33,364,139,239,165,29,0,13
25017350201,"Census Tract 3502.01, Middlesex County, Massachusetts",Census Tract 3502.01,3060,1829,49,40,417,0,467,258,1288,0,48,56,0,34,0,0,10,62,39,123,13,142,271,301,189,130000,127487,130030,1327,519,808,420,99,862900,,,309,44,0,44,11,242,12,210,304,532,290,91,0,16,55
25017350202,"Census Tract 3502.02, Middlesex County, Massachusetts",Census Tract 3502.02,4118,3137,164,10,111,0,111,585,1633,45,28,10,45,25,0,0,10,0,96,21,218,243,172,265,455,129826,159464,126413,1764,815,949,658,157,737900,,,574,121,19,102,15,438,0,241,353,685,285,148,50,93,19
25017350300,"Census Tract 3503, Middlesex County, Massachusetts",Census Tract 3503,2931,2096,137,0,452,0,42,204,1389,53,196,0,15,25,7,10,0,36,87,53,99,116,102,140,450,124750,177045,102279,1517,530,987,335,195,894900,,,320,22,0,22,0,285,13,210,473,530,198,163,25,0,0
25017350400,"Census Tract 3504, Middlesex County, Massachusetts",Census Tract 3504,5970,4302,2,0,779,0,53,834,2350,81,21,45,15,33,0,0,15,12,226,101,165,131,180,334,991,160960,204045,131657,2520,1216,1304,997,219,1061600,,,807,203,0,203,0,568,36,409,571,732,433,556,43,15,0
25017350500,"Census Tract 3505, Middlesex County, Massachusetts",Census Tract 3505,1655,1423,35,0,96,0,20,81,774,24,6,5,0,6,6,6,25,0,16,23,44,106,90,163,254,160556,173214,148929,833,242,591,208,34,1079500,,,132,45,0,45,0,76,11,110,214,355,123,54,28,0,0
25017350600,"Census Tract 3506, Middlesex County, Massachusetts",Census Tract 3506,4908,3441,176,0,800,13,23,455,1074,63,23,34,0,32,8,0,17,13,10,22,91,127,66,201,367,153542,183654,152188,1092,438,654,377,61,983000,,,306,16,0,16,10,270,10,132,212,380,323,100,59,0,0
25017350701,"Census Tract 3507.01, Middlesex County, Massachusetts",Census Tract 3507.01,2872,2271,78,0,305,0,28,190,1534,5,41,50,38,0,62,15,0,0,25,141,150,289,99,188,431,119470,118910,145655,1619,587,1032,480,107,683700,,,423,13,0,13,0,410,0,164,686,453,285,110,0,0,0
25017350702,"Census Tract 3507.02, Middlesex County, Massachusetts",Census Tract 3507.02,3345,2233,384,74,328,0,0,326,1603,272,142,92,77,155,45,38,35,9,61,96,64,135,44,192,146,37011,150500,28125,1648,282,1366,273,9,812100,,,249,17,0,17,0,232,0,33,714,401,261,124,103,0,0
25017350800,"Census Tract 3508, Middlesex County, Massachusetts",Census Tract 3508,1972,1555,76,0,110,0,23,208,866,0,9,0,4,33,6,6,26,18,56,33,35,60,72,156,352,174615,189125,172125,955,355,600,285,70,977200,,,225,55,0,55,4,160,6,130,161,450,126,106,14,1,8
25017350900,"Census Tract 3509, Middlesex County, Massachusetts",Census Tract 3509,3723,2846,87,0,546,0,5,239,1685,31,0,0,0,15,75,37,24,0,36,61,158,129,130,123,866,207776,239583,165787,1789,670,1119,505,165,1165900,,,374,23,0,23,0,351,0,296,526,587,335,168,61,8,0
25017351001,"Census Tract 3510.01, Middlesex County, Massachusetts",Census Tract 3510.01,4045,2832,49,0,503,12,62,587,1887,31,36,25,53,17,10,23,45,13,50,160,192,185,216,245,586,139506,193889,125250,2011,722,1289,456,266,1047300,,,435,44,36,8,0,391,0,287,552,734,460,84,37,0,20
25017351002,"Census Tract 3510.02, Middlesex County, Massachusetts",Census Tract 3510.02,2739,1804,15,0,455,0,20,445,1196,0,0,21,0,0,28,0,0,25,75,21,203,45,193,166,419,149337,208657,135511,1304,377,927,268,109,832800,,,228,9,0,9,23,196,0,149,375,374,267,115,23,42,0
25017351101,"Census Tract 3511.01, Middlesex County, Massachusetts",Census Tract 3511.01,3373,2733,84,0,221,0,168,167,1532,34,44,12,9,8,21,0,19,38,121,83,137,173,277,183,373,127295,170446,115234,1607,565,1042,502,63,895700,,,491,27,13,14,0,457,7,74,634,479,229,91,42,44,13
25017351102,"Census Tract 3511.02, Middlesex County, Massachusetts",Census Tract 3511.02,2081,1531,19,0,197,8,44,282,1006,10,15,0,2,12,31,8,7,2,95,117,156,66,59,159,267,114063,,109079,1104,374,730,270,104,945100,,,282,27,0,27,42,213,0,92,307,541,79,57,0,8,14
25017351203,"Census Tract 3512.03, Middlesex County, Massachusetts",Census Tract 3512.03,4290,3351,44,0,705,0,42,148,2198,104,12,17,61,61,0,0,24,32,90,161,122,173,120,535,686,172750,177574,172688,2306,599,1707,485,114,961400,,,463,30,0,30,0,433,0,136,886,681,446,164,21,0,0
25017351204,"Census Tract 3512.04, Middlesex County, Massachusetts",Census Tract 3512.04,3981,2622,378,16,479,0,193,293,1917,42,22,0,13,32,63,35,31,20,43,206,214,233,214,172,577,128438,222644,100286,2099,645,1454,519,126,961700,,,449,60,6,54,0,379,10,196,660,776,269,143,69,0,0
25017351300,"Census Tract 3513, Middlesex County, Massachusetts",Census Tract 3513,4394,3442,288,2,316,0,132,214,2100,40,169,131,46,16,16,14,90,0,59,52,245,187,70,344,621,123125,213241,94444,2193,494,1699,434,60,995600,,,406,91,0,91,0,315,0,88,910,531,328,285,0,33,13
25017351403,"Census Tract 3514.03, Middlesex County, Massachusetts",Census Tract 3514.03,3822,2250,449,0,385,0,217,521,1734,126,101,88,0,33,49,42,0,72,19,124,164,185,115,156,460,111934,205052,83393,1793,537,1256,346,191,836600,,,399,52,10,42,0,347,0,138,497,658,369,130,51,29,0
25017351404,"Census Tract 3514.04, Middlesex County, Massachusetts",Census Tract 3514.04,3669,2099,280,0,597,0,219,474,1498,60,43,78,103,33,0,9,23,110,30,126,139,163,44,249,288,99519,74375,105098,1607,605,1002,389,216,727200,,,469,30,8,22,0,427,12,136,399,514,289,210,51,0,35
25017351500,"Census Tract 3515, Middlesex County, Massachusetts",Census Tract 3515,2517,1257,213,0,244,0,540,263,1389,157,94,21,9,56,47,33,43,168,41,48,147,185,65,70,205,69063,111587,47097,1464,422,1042,274,148,661600,,,320,30,20,10,0,261,29,102,639,536,128,49,26,0,11
25017352101,"Census Tract 3521.01, Middlesex County, Massachusetts",Census Tract 3521.01,3428,1731,182,0,1136,0,8,371,2023,149,72,55,22,0,33,0,76,78,202,105,162,146,123,311,489,114408,,115082,2468,336,2132,120,216,856800,,,211,32,18,14,0,179,0,125,1043,809,108,44,19,0,0
25017352102,"Census Tract 3521.02, Middlesex County, Massachusetts",Census Tract 3521.02,2849,2086,26,0,509,0,56,172,1371,21,16,16,0,37,12,0,27,7,36,43,139,206,37,208,566,171745,188500,171536,1594,646,948,381,265,1015400,,,414,52,17,35,0,324,38,232,416,658,173,64,8,48,4
25017352200,"Census Tract 3522, Middlesex County, Massachusetts",Census Tract 3522,1894,958,229,0,528,0,16,163,1024,141,29,111,28,22,17,20,10,0,27,33,140,106,98,88,154,88710,119375,77868,1147,210,937,80,130,788200,,,150,17,0,17,0,126,7,60,520,310,116,33,45,0,0
25017352300,"Census Tract 3523, Middlesex County, Massachusetts",Census Tract 3523,4678,2568,237,19,1409,0,79,366,2374,90,7,57,30,20,37,25,57,27,52,171,240,76,162,369,954,174310,126635,181462,2619,419,2200,365,54,955400,,,284,46,0,46,0,229,9,135,941,782,524,57,70,0,0
25017352400,"Census Tract 3524, Middlesex County, Massachusetts",Census Tract 3524,1801,474,832,0,217,0,100,178,697,26,43,33,60,32,32,42,7,47,45,34,111,46,46,32,61,55489,,49936,743,71,672,39,32,526800,,,65,0,0,0,0,65,0,6,190,184,173,71,33,31,15
25017352500,"Census Tract 3525, Middlesex County, Massachusetts",Census Tract 3525,2980,1768,505,0,457,0,122,128,1351,25,57,35,6,13,21,0,5,73,25,172,209,85,103,169,353,102464,132083,100464,1490,536,954,320,216,1052800,,,313,48,4,44,0,265,0,223,348,517,368,49,62,7,0
25017352600,"Census Tract 3526, Middlesex County, Massachusetts",Census Tract 3526,3091,1823,537,13,443,0,119,156,1294,51,9,76,30,17,4,8,0,73,77,90,120,119,79,164,377,121293,144706,102600,1311,376,935,245,131,928000,,,251,41,3,38,0,210,0,125,214,482,375,216,7,0,0
25017352700,"Census Tract 3527, Middlesex County, Massachusetts",Census Tract 3527,2102,1450,306,0,141,0,36,169,950,100,88,7,10,18,17,23,29,0,0,86,72,86,82,148,184,106979,250001,83942,1037,183,854,156,27,888200,,,108,17,17,0,0,91,0,75,335,337,125,79,74,0,0
25017352800,"Census Tract 3528, Middlesex County, Massachusetts",Census Tract 3528,1887,1095,130,0,245,0,52,365,796,18,0,0,0,22,32,0,6,74,11,26,61,200,46,58,242,118333,241250,111346,828,258,570,178,80,1117300,,,179,30,7,23,0,149,0,79,231,267,138,117,17,26,0
25017352900,"Census Tract 3529, Middlesex County, Massachusetts",Census Tract 3529,3143,2373,204,20,265,0,38,243,1335,0,8,0,35,12,37,7,43,9,32,78,212,93,61,190,518,153723,201970,102396,1446,732,714,593,139,1168700,,,453,111,0,111,0,333,9,279,369,497,241,164,23,26,15
25017353000,"Census Tract 3530, Middlesex County, Massachusetts",Census Tract 3530,2923,1931,268,0,367,0,43,314,1532,94,13,16,47,16,17,29,22,12,43,89,150,105,162,266,451,141667,166417,131583,1602,375,1227,335,40,1070800,,,207,0,0,0,0,198,9,168,628,607,210,58,29,0,0
25017353101,"Census Tract 3531.01, Middlesex County, Massachusetts",Census Tract 3531.01,3747,1745,749,0,735,1,195,322,1761,310,87,32,70,19,123,39,26,0,45,152,32,83,232,130,381,73558,158000,72853,1825,104,1721,52,52,1025600,,,78,0,0,0,0,78,0,26,706,713,219,105,13,5,0
25017353102,"Census Tract 3531.02, Middlesex County, Massachusetts",Census Tract 3531.02,5151,2108,365,0,1993,15,114,556,456,59,7,3,9,0,0,5,6,47,36,48,36,57,16,32,95,79318,,79318,488,0,488,0,0,,,,0,0,0,0,0,0,0,0,230,157,30,35,4,0,0
25017353200,"Census Tract 3532, Middlesex County, Massachusetts",Census Tract 3532,5129,2832,510,3,1221,29,99,435,1999,29,180,119,38,67,0,11,29,10,105,78,82,161,242,170,678,134933,213964,113894,2090,543,1547,444,99,1129900,,,355,42,0,42,0,313,0,188,936,574,282,161,31,0,15
25017353300,"Census Tract 3533, Middlesex County, Massachusetts",Census Tract 3533,4232,2759,111,0,733,0,139,490,1869,45,53,62,40,0,0,10,10,23,41,95,107,158,99,347,779,167338,213151,158750,1989,991,998,784,207,1125000,,,648,108,37,71,0,439,101,343,504,650,359,316,23,17,0
25017353600,"Census Tract 3536, Middlesex County, Massachusetts",Census Tract 3536,4966,3155,513,6,755,0,86,451,1654,157,47,20,33,34,0,0,11,11,54,35,171,235,151,263,432,133203,212321,114203,1905,583,1322,469,114,1340600,,,372,43,13,30,0,301,28,211,620,631,217,137,35,14,0
25017353700,"Census Tract 3537, Middlesex County, Massachusetts",Census Tract 3537,5646,3282,377,11,1354,4,132,486,1619,114,55,30,39,28,63,17,62,9,103,112,162,48,184,214,379,108194,145375,83281,1888,398,1490,354,44,1156300,,,169,12,12,0,0,120,37,229,654,601,206,78,71,0,9
25017353800,"Census Tract 3538, Middlesex County, Massachusetts",Census Tract 3538,4320,2427,123,0,1281,0,104,385,2410,214,0,20,99,24,0,0,23,35,222,120,252,146,221,278,756,127803,,129924,2631,916,1715,741,175,744600,,,333,50,24,26,0,283,0,583,1133,912,246,119,0,0,0
25017353900,"Census Tract 3539, Middlesex County, Massachusetts",Census Tract 3539,5761,2770,359,47,1696,0,223,666,1353,183,53,52,93,34,0,0,60,82,38,136,75,79,115,226,127,69440,,62472,1615,74,1541,62,12,1625000,,,59,0,0,0,0,59,0,15,521,527,141,117,35,12,0
25017354000,"Census Tract 3540, Middlesex County, Massachusetts",Census Tract 3540,4733,3238,161,13,715,0,110,496,2083,130,64,93,47,93,22,36,65,34,69,132,343,162,104,222,467,94668,104965,81958,2394,755,1639,582,173,899400,,,417,60,16,44,0,340,17,338,1010,736,223,80,26,8,0
25017354100,"Census Tract 3541, Middlesex County, Massachusetts",Census Tract 3541,2306,1731,57,11,226,0,49,232,1107,62,12,0,20,0,16,0,9,5,27,66,178,114,68,91,439,137361,198125,120625,1312,606,706,518,88,1328900,,,274,50,0,50,0,211,13,332,523,403,106,66,9,0,0
25017354200,"Census Tract 3542, Middlesex County, Massachusetts",Census Tract 3542,3336,2327,111,0,286,0,135,477,1394,66,0,15,8,0,20,15,9,15,24,70,213,61,53,118,707,205441,232639,169028,1559,1149,410,828,321,2000001,,,561,92,33,59,0,460,9,588,461,502,162,153,45,71,0
25017354300,"Census Tract 3543, Middlesex County, Massachusetts",Census Tract 3543,3450,2234,389,0,306,0,124,397,1624,52,39,24,71,0,21,10,36,19,72,69,187,160,54,349,461,149375,175481,119970,1657,715,942,562,153,824500,,,419,102,51,51,7,302,8,296,672,461,235,204,52,0,0
25017354400,"Census Tract 3544, Middlesex County, Massachusetts",Census Tract 3544,1870,1492,19,0,97,0,61,201,767,14,6,16,4,5,9,0,6,5,23,18,85,56,96,119,305,165521,172857,157344,807,458,349,405,53,1180800,,,230,47,10,37,5,178,0,228,180,285,167,123,12,0,0
25017354500,"Census Tract 3545, Middlesex County, Massachusetts",Census Tract 3545,2027,1582,58,0,170,0,0,217,907,0,13,31,5,0,17,7,37,42,8,29,66,63,37,94,458,203906,250001,97708,944,544,400,475,69,1745400,,,268,51,44,7,0,208,9,276,271,375,91,132,38,0,0
25017354601,"Census Tract 3546.01, Middlesex County, Massachusetts",Census Tract 3546.01,1731,869,226,0,452,0,0,184,852,59,26,55,55,39,7,17,28,13,25,43,74,119,27,77,188,95714,216071,82083,1035,156,879,132,24,921700,,,128,0,0,0,0,128,0,28,303,450,40,47,12,0,0
25017354602,"Census Tract 3546.02, Middlesex County, Massachusetts",Census Tract 3546.02,4402,2315,642,0,571,0,84,790,1900,114,38,12,45,19,9,101,80,89,76,46,269,124,148,256,474,110135,154816,97958,2016,721,1295,490,231,979300,,,456,72,0,72,0,384,0,265,787,417,267,384,36,9,0
25017354700,"Census Tract 3547, Middlesex County, Massachusetts",Census Tract 3547,2926,1922,335,0,349,6,40,274,1228,14,57,20,15,0,0,6,32,0,35,46,149,129,64,160,501,159000,228125,121053,1351,572,779,416,156,1282400,,,336,27,0,27,0,309,0,236,302,460,241,167,58,0,0
25017354800,"Census Tract 3548, Middlesex County, Massachusetts",Census Tract 3548,2319,1710,98,0,281,0,24,206,1064,41,6,7,8,7,0,0,0,7,86,94,60,64,87,185,412,172708,190313,129200,1177,526,651,428,98,930100,,,291,36,0,36,0,255,0,235,349,402,173,79,33,24,4
25017354901,"Census Tract 3549.01, Middlesex County, Massachusetts",Census Tract 3549.01,3112,1176,522,24,1231,0,37,122,1686,11,11,49,0,0,20,23,31,0,52,58,100,163,259,410,499,156964,,156964,2010,0,2010,0,0,,,,0,0,0,0,0,0,0,0,743,679,200,43,21,0,0
25017354902,"Census Tract 3549.02, Middlesex County, Massachusetts",Census Tract 3549.02,5482,2202,1234,0,1464,0,99,483,2360,111,96,128,42,35,30,81,124,133,94,242,130,218,102,159,635,90046,167065,57955,2526,1002,1524,616,386,1049600,,,568,72,0,72,0,496,0,434,723,877,331,214,212,0,3
25017355000,"Census Tract 3550, Middlesex County, Massachusetts",Census Tract 3550,3299,2176,656,0,207,0,51,209,1446,53,32,23,22,9,31,20,4,39,35,36,147,186,73,177,559,153889,210228,113523,1629,641,988,490,151,1018800,,,450,160,12,148,0,290,0,191,502,464,291,115,38,0,36
25017356100,"Census Tract 3561, Middlesex County, Massachusetts",Census Tract 3561,3646,2719,39,26,427,0,35,400,1421,17,19,21,0,20,54,9,46,40,28,36,128,109,120,253,521,155082,203056,141250,1462,754,708,625,129,832400,,,367,10,0,10,0,351,6,387,301,516,266,205,103,11,19
25017356300,"Census Tract 3563, Middlesex County, Massachusetts",Census Tract 3563,5546,3987,242,0,709,0,260,348,2572,48,21,24,53,96,99,29,98,0,37,68,425,434,348,184,608,115427,160938,101650,2572,1149,1423,889,260,844200,,,905,163,23,140,0,710,32,244,696,1231,365,177,84,19,0
25017356400,"Census Tract 3564, Middlesex County, Massachusetts",Census Tract 3564,7507,6031,159,0,798,0,148,371,2845,197,62,129,16,58,0,18,0,0,49,102,124,295,170,345,1280,183470,191500,119514,2972,2192,780,2000,192,964200,,,1519,209,0,209,32,1255,23,673,676,837,649,464,205,8,6
25017356500,"Census Tract 3565, Middlesex County, Massachusetts",Census Tract 3565,7276,5556,215,0,1063,0,36,406,2986,131,94,17,27,13,30,104,92,27,115,112,270,254,271,437,992,134943,192963,68889,3145,2154,991,1660,494,831100,,,1382,158,19,139,16,1194,14,772,835,953,468,608,78,31,13
25017356601,"Census Tract 3566.01, Middlesex County, Massachusetts",Census Tract 3566.01,4198,3284,52,0,457,0,113,292,2040,103,0,65,60,84,33,9,0,10,40,160,255,125,225,321,550,140694,166783,80430,2139,1253,886,1020,233,826800,,,800,220,61,159,0,558,22,453,843,568,307,283,39,0,0
25017356602,"Census Tract 3566.02, Middlesex County, Massachusetts",Census Tract 3566.02,4414,3701,41,14,400,6,49,203,1873,70,6,15,43,0,25,38,58,0,91,142,150,127,146,253,709,155265,185500,92880,1894,1448,446,1218,230,845700,,,782,120,0,120,0,644,18,666,666,539,249,352,40,27,0
25017356701,"Census Tract 3567.01, Middlesex County, Massachusetts",Census Tract 3567.01,6285,4469,198,18,1019,8,80,493,3005,114,29,34,89,39,93,36,48,47,71,235,264,235,291,440,940,139229,185446,130156,3192,1355,1837,1132,223,840400,,,867,168,0,168,0,699,0,488,1365,765,361,388,116,10,0
25017356703,"Census Tract 3567.03, Middlesex County, Massachusetts",Census Tract 3567.03,3154,2539,115,0,274,0,53,173,1475,91,152,17,0,11,59,42,42,32,38,63,87,80,96,115,550,135240,232500,34216,1548,876,672,782,94,1149600,,,500,52,10,42,0,377,71,376,602,480,160,148,52,26,7
25017356704,"Census Tract 3567.04, Middlesex County, Massachusetts",Census Tract 3567.04,3989,2900,102,0,423,0,0,564,1636,8,0,37,48,0,0,12,0,90,17,107,194,137,158,231,597,156316,215188,114929,1675,853,822,690,163,1014300,,,577,139,63,76,0,430,8,276,554,494,192,271,72,22,31
25017357100,"Census Tract 3571, Middlesex County, Massachusetts",Census Tract 3571,5103,3346,139,3,1312,0,0,303,2033,46,6,0,48,0,13,15,72,16,24,123,223,223,169,195,860,163466,233942,98182,2053,1309,744,1092,217,1140100,,,892,110,18,92,13,713,56,417,494,612,484,363,77,3,0
25017357200,"Census Tract 3572, Middlesex County, Massachusetts",Census Tract 3572,3154,2158,0,0,637,0,12,347,1153,37,0,21,0,5,0,0,11,0,23,16,34,146,48,170,642,228281,250001,165250,1253,943,310,728,215,1253400,,,542,162,33,129,7,332,41,401,152,364,328,260,49,0,0
25017357300,"Census Tract 3573, Middlesex County, Massachusetts",Census Tract 3573,3295,2278,43,6,604,0,141,223,1305,47,11,0,17,0,0,0,18,0,56,29,129,174,86,204,534,163393,204853,120729,1376,682,694,483,199,880600,,,475,82,13,69,0,330,63,207,300,384,338,199,53,31,0
25017357400,"Census Tract 3574, Middlesex County, Massachusetts",Census Tract 3574,2421,1690,1,0,503,0,43,184,894,11,0,14,5,36,0,5,0,20,6,17,63,55,52,119,491,212130,250001,162969,909,575,334,436,139,1259300,,,388,70,0,70,0,307,11,187,208,246,160,217,43,20,0
25017357500,"Census Tract 3575, Middlesex County, Massachusetts",Census Tract 3575,2369,1805,6,0,418,0,40,100,925,63,11,17,8,12,5,41,15,10,23,22,35,87,79,111,386,166563,240030,120547,981,523,458,412,111,1034000,,,317,48,0,48,0,269,0,206,209,283,226,153,24,30,0
25017357600,"Census Tract 3576, Middlesex County, Massachusetts",Census Tract 3576,2729,1775,46,0,634,0,18,256,1074,10,33,27,8,6,0,9,0,44,19,59,43,65,62,234,455,183214,199821,167525,1118,657,461,407,250,778200,,,408,60,24,36,14,326,8,249,240,297,274,235,18,0,10
25017357700,"Census Tract 3577, Middlesex County, Massachusetts",Census Tract 3577,4040,2889,156,0,678,0,134,183,1676,96,29,27,72,13,67,0,0,91,106,115,85,143,51,246,535,124516,159423,96875,1781,928,853,736,192,905400,,,669,112,26,86,0,510,47,259,446,633,332,183,82,0,0
25017357800,"Census Tract 3578, Middlesex County, Massachusetts",Census Tract 3578,3898,2863,55,0,718,0,66,196,1298,0,24,29,0,41,8,0,17,39,21,100,84,67,58,97,713,227100,246910,71789,1362,1037,325,780,257,1613700,,,700,202,5,197,7,491,0,337,163,413,239,272,187,12,12
25017358100,"Census Tract 3581, Middlesex County, Massachusetts",Census Tract 3581,5145,2839,34,0,1694,0,75,503,1833,25,9,22,17,11,15,0,8,17,23,68,75,54,118,347,1024,234519,248125,137212,1967,1626,341,1002,624,1037400,,,987,238,0,238,10,739,0,639,243,557,457,485,75,16,0
25017358300,"Census Tract 3583, Middlesex County, Massachusetts",Census Tract 3583,6061,3480,136,0,2210,0,131,104,2286,106,30,18,55,15,0,0,37,34,88,68,163,194,81,230,1167,213333,250001,86976,2344,1563,781,1054,509,1129400,,,977,202,24,178,0,775,0,586,550,602,523,441,119,51,0
25017358400,"Census Tract 3584, Middlesex County, Massachusetts",Census Tract 3584,4921,3096,37,0,1390,0,26,372,1982,155,52,51,10,41,75,0,9,26,56,70,32,161,99,251,894,179753,224917,,1992,1511,481,1037,474,1197400,,,822,106,0,106,0,645,71,689,499,809,270,237,135,32,0
25017358500,"Census Tract 3585, Middlesex County, Massachusetts",Census Tract 3585,5785,3203,146,0,2065,0,49,322,1953,22,10,19,56,6,23,20,32,37,10,85,89,52,106,168,1218,239375,250001,125139,1979,1663,316,984,679,1213500,,,1134,176,16,160,17,918,23,529,206,608,439,520,144,27,9
25017358600,"Census Tract 3586, Middlesex County, Massachusetts",Census Tract 3586,6245,3466,100,0,2107,0,102,470,2317,66,29,0,25,74,15,13,40,39,0,55,134,94,137,412,1184,207125,231918,101587,2326,1881,445,1304,577,1113600,,,1145,309,0,309,0,805,31,736,503,737,444,247,293,79,14
25017358700,"Census Tract 3587, Middlesex County, Massachusetts",Census Tract 3587,5928,3285,259,0,1759,0,274,351,1966,12,15,15,8,8,8,7,6,0,8,50,82,159,150,267,1171,250001,250001,168190,2064,1754,310,1118,636,1167000,,,1077,175,36,139,0,871,31,677,273,531,350,500,224,45,43
25017359100,"Census Tract 3591, Middlesex County, Massachusetts",Census Tract 3591,6782,5115,124,6,951,0,80,506,2820,32,88,0,17,70,19,29,81,64,34,224,245,259,216,292,1150,158947,204107,91134,2835,1723,1112,1285,438,920300,,,1063,291,21,270,0,683,89,660,880,828,528,490,65,29,0
25017359301,"Census Tract 3593.01, Middlesex County, Massachusetts",Census Tract 3593.01,0,0,0,0,0,0,0,0,0,0,0,0,0,0,0,0,0,0,0,0,0,0,0,0,0,,,,0,0,0,0,0,,,,0,0,0,0,0,0,0,0,0,0,0,0,0,0,0
25017359302,"Census Tract 3593.02, Middlesex County, Massachusetts",Census Tract 3593.02,0,0,0,0,0,0,0,0,0,0,0,0,0,0,0,0,0,0,0,0,0,0,0,0,0,,,,0,0,0,0,0,,,,0,0,0,0,0,0,0,0,0,0,0,0,0,0,0
25017359303,"Census Tract 3593.03, Middlesex County, Massachusetts",Census Tract 3593.03,7561,5577,176,0,1399,0,93,316,2977,108,0,16,35,105,32,28,61,28,73,170,237,351,157,276,1300,158984,201270,115264,3070,2425,645,1950,475,845900,,,1427,260,70,190,0,1139,28,998,668,1008,580,528,166,27,0
25017359400,"Census Tract 3594, Middlesex County, Massachusetts",Census Tract 3594,7073,3458,1347,0,1338,0,327,603,3306,178,176,91,10,77,61,30,35,87,28,221,499,384,246,308,875,115259,160000,93198,3479,1122,2357,636,486,941100,,,693,43,23,20,0,618,32,429,1169,1155,470,362,122,28,0
25017360300,"Census Tract 3603, Middlesex County, Massachusetts",Census Tract 3603,6946,5389,89,0,523,0,504,441,2670,71,30,16,0,105,62,5,66,106,158,129,65,198,191,321,1147,180750,223696,102222,2868,1668,1200,1532,136,1180100,,,867,139,0,139,11,661,56,801,670,938,356,576,67,63,0
25017361100,"Census Tract 3611, Middlesex County, Massachusetts",Census Tract 3611,5975,5075,68,0,211,0,65,556,2007,31,13,0,15,62,0,0,42,59,39,103,97,58,170,197,1121,232835,250001,142713,2173,1652,521,1488,164,1121300,,,980,222,0,222,0,677,81,672,510,440,323,419,242,73,0
25017361200,"Census Tract 3612, Middlesex County, Massachusetts",Census Tract 3612,6189,4686,251,0,475,0,129,648,2095,30,16,39,14,30,10,26,13,38,48,188,88,108,94,369,984,184866,242569,121083,2250,1318,932,1157,161,968500,,,760,274,62,212,0,486,0,558,535,680,306,447,49,40,38
25017361300,"Census Tract 3613, Middlesex County, Massachusetts",Census Tract 3613,6062,5165,119,32,202,0,115,429,2042,40,32,29,14,14,19,0,43,49,23,32,132,23,166,333,1093,221029,243179,41991,2189,1879,310,1659,220,1397200,,,1023,157,15,142,0,843,23,856,277,805,230,523,168,39,0
25017362100,"Census Tract 3621, Middlesex County, Massachusetts",Census Tract 3621,5209,4371,27,0,505,0,32,274,1726,44,8,13,24,0,8,35,21,15,9,32,39,77,94,222,1085,250001,250001,45667,1787,1624,163,1379,245,1055600,,,1031,306,27,279,0,706,19,593,200,615,272,389,197,45,8
25017363103,"Census Tract 3631.03, Middlesex County, Massachusetts",Census Tract 3631.03,3211,2444,0,0,644,0,27,96,1305,65,0,25,14,0,19,27,0,19,112,119,45,126,90,82,562,147639,198281,58250,1320,1135,185,862,273,826500,,,704,81,0,81,8,605,10,431,350,396,209,282,54,14,0
25017363104,"Census Tract 3631.04, Middlesex County, Massachusetts",Census Tract 3631.04,6300,4108,115,0,1584,0,120,373,2307,71,153,21,0,26,36,22,0,0,18,144,272,191,152,248,953,153065,195341,81397,2307,1975,332,1419,556,729500,,,1304,214,11,203,0,1071,19,671,529,562,595,425,115,70,11
25017363105,"Census Tract 3631.05, Middlesex County, Massachusetts",Census Tract 3631.05,4316,2284,750,0,784,0,45,453,1542,27,68,76,9,0,54,9,26,285,42,66,135,68,48,66,563,97679,212179,48676,1589,925,664,606,319,881900,,,633,15,0,15,0,618,0,292,304,474,250,479,35,0,0
25017363106,"Census Tract 3631.06, Middlesex County, Massachusetts",Census Tract 3631.06,3011,1470,70,0,1138,0,74,259,1314,12,37,47,0,78,16,0,35,28,0,151,165,208,57,115,365,107222,127361,80996,1314,595,719,367,228,458000,,,450,63,0,63,0,387,0,145,506,210,307,260,31,0,0
25017363201,"Census Tract 3632.01, Middlesex County, Massachusetts",Census Tract 3632.01,3341,2186,1,0,944,0,15,195,1251,20,5,29,27,7,10,7,0,0,41,41,44,118,52,130,720,214513,229844,,1251,1052,199,711,341,776400,,,762,208,0,208,0,467,87,290,193,456,251,282,51,18,0
25017363202,"Census Tract 3632.02, Middlesex County, Massachusetts",Census Tract 3632.02,3782,2719,23,0,768,0,116,156,1366,9,11,0,3,15,10,6,26,0,15,91,78,92,159,156,695,201364,204727,123500,1420,1226,194,992,234,711500,,,906,107,9,98,0,775,24,320,172,450,374,228,109,33,0
25017364101,"Census Tract 3641.01, Middlesex County, Massachusetts",Census Tract 3641.01,6043,5019,73,0,319,0,68,564,2543,129,50,43,120,143,34,75,79,10,26,233,135,249,216,301,700,123134,148443,26810,2586,2009,577,1733,276,494800,,,1385,325,0,325,0,1018,42,624,769,858,327,482,87,20,0
25017364102,"Census Tract 3641.02, Middlesex County, Massachusetts",Census Tract 3641.02,4620,3996,74,0,307,0,54,189,2130,67,40,21,0,19,74,68,42,58,121,43,215,366,123,382,491,118056,145417,,2259,1590,669,1344,246,493300,,,1109,221,11,210,0,872,16,481,794,623,386,301,13,0,13
25017365100,"Census Tract 3651, Middlesex County, Massachusetts",Census Tract 3651,8064,6664,139,0,760,26,55,420,2525,19,0,15,35,57,0,40,37,0,0,32,166,92,59,324,1649,250001,250001,86481,2596,2423,173,2069,354,1006400,,,1643,202,26,176,0,1386,55,780,274,708,465,704,201,154,19
25017365201,"Census Tract 3652.01, Middlesex County, Massachusetts",Census Tract 3652.01,6226,4792,337,0,813,0,49,235,2026,0,15,14,0,14,0,32,24,31,44,40,117,70,102,184,1339,227230,229019,49917,2026,1915,111,1574,341,881800,,,1432,241,0,241,0,1191,0,483,185,731,431,415,216,48,0
25017365202,"Census Tract 3652.02, Middlesex County, Massachusetts",Census Tract 3652.02,4777,3845,33,6,399,0,25,469,1776,53,61,52,11,30,22,18,58,25,5,35,68,146,111,130,951,221250,250001,,1824,1369,455,1169,200,926300,,,881,199,13,186,0,673,9,488,335,758,264,252,117,44,6
25017366100,"Census Tract 3661, Middlesex County, Massachusetts",Census Tract 3661,4643,3655,30,0,762,17,39,140,1776,20,50,96,0,21,21,17,31,30,54,48,100,77,154,283,774,178438,192438,,1882,1453,429,1208,245,814900,,,1033,236,24,212,7,758,32,420,371,571,375,300,120,27,12
25017366201,"Census Tract 3662.01, Middlesex County, Massachusetts",Census Tract 3662.01,3628,2814,0,0,422,0,71,321,1244,0,0,40,7,0,0,7,10,0,35,20,89,25,59,111,841,250001,250001,,1281,1234,47,963,271,1151600,,,830,68,0,68,0,685,77,404,92,459,301,321,49,22,0
25017366202,"Census Tract 3662.02, Middlesex County, Massachusetts",Census Tract 3662.02,5555,4051,86,0,768,0,232,418,1928,5,0,35,8,32,8,11,7,0,64,51,177,143,88,292,1007,218750,221190,,1940,1786,154,1461,325,929000,,,1124,200,20,180,24,852,48,662,330,664,273,359,211,71,20
25017367100,"Census Tract 3671, Middlesex County, Massachusetts",Census Tract 3671,4620,3263,114,15,915,0,86,227,1607,65,64,18,27,47,16,19,0,8,16,75,18,64,14,109,1047,250001,250001,,1700,1394,306,1044,350,1306500,,,761,213,5,208,0,524,24,633,182,576,425,261,131,24,8
25017367200,"Census Tract 3672, Middlesex County, Massachusetts",Census Tract 3672,6823,5443,228,4,565,0,167,416,1925,38,0,0,61,21,27,51,0,0,43,1,86,262,42,110,1183,250001,250001,,2114,1799,315,1415,384,2000001,,,1201,240,54,186,0,949,12,598,321,444,294,548,199,97,22
25017368101,"Census Tract 3681.01, Middlesex County, Massachusetts",Census Tract 3681.01,5727,3199,538,21,1039,0,254,676,2411,61,78,92,69,61,96,0,87,28,35,134,145,288,197,337,703,130481,156393,117832,2471,979,1492,702,277,710400,,,647,153,0,153,0,494,0,332,552,1064,428,213,125,0,29
25017368102,"Census Tract 3681.02, Middlesex County, Massachusetts",Census Tract 3681.02,5078,3312,389,0,778,0,162,437,2009,0,40,40,85,8,39,47,0,13,40,128,152,258,73,294,792,154879,168352,102927,2125,1595,530,1167,428,723300,,,1139,100,0,100,0,1018,21,456,492,632,282,256,333,0,14
25017368200,"Census Tract 3682, Middlesex County, Massachusetts",Census Tract 3682,3764,2883,276,0,271,0,71,263,1542,6,52,31,15,19,71,0,0,0,61,114,114,227,153,164,515,131513,129967,139948,1646,1063,583,974,89,740900,,,593,81,0,81,0,488,24,470,414,546,308,221,44,0,9
25017368300,"Census Tract 3683, Middlesex County, Massachusetts",Census Tract 3683,5992,2905,110,67,1096,0,1180,634,2607,43,36,218,91,44,89,171,51,112,111,70,300,363,125,302,481,98375,116532,63009,2729,1340,1389,974,366,651300,,,852,119,0,119,0,711,22,488,1028,628,510,228,27,113,73
25017368400,"Census Tract 3684, Middlesex County, Massachusetts",Census Tract 3684,8161,5441,556,37,1257,8,429,433,2412,57,12,15,64,29,29,0,13,81,135,171,381,246,230,368,581,123795,152898,99591,2471,1219,1252,1097,122,657300,,,737,202,0,202,0,515,20,482,820,920,285,305,57,14,11
25017368500,"Census Tract 3685, Middlesex County, Massachusetts",Census Tract 3685,3405,2162,205,40,679,21,213,85,1954,101,75,38,63,28,46,142,92,28,63,165,203,304,134,227,245,90484,121974,85200,2059,328,1731,229,99,610800,,,251,0,0,0,47,204,0,77,856,784,209,78,27,0,0
25017368600,"Census Tract 3686, Middlesex County, Massachusetts",Census Tract 3686,5961,3690,432,0,153,0,922,764,2526,12,90,32,95,108,32,8,133,140,101,160,238,247,320,380,430,113125,144076,97375,2552,820,1732,595,225,588200,,,621,164,22,142,0,449,8,199,742,926,289,335,217,0,17
25017368700,"Census Tract 3687, Middlesex County, Massachusetts",Census Tract 3687,2483,1013,197,0,299,0,592,382,1121,126,17,9,0,19,24,126,0,32,109,60,101,83,74,188,153,80524,156494,57778,1227,381,846,192,189,569400,,,294,23,0,23,0,271,0,87,496,224,283,45,26,37,10
25017368800,"Census Tract 3688, Middlesex County, Massachusetts",Census Tract 3688,5786,3398,554,180,884,0,45,725,2765,140,42,37,81,31,98,126,61,113,55,155,205,205,233,258,925,128277,151469,106167,2880,1059,1821,729,330,755100,,,589,46,19,27,0,528,15,470,1077,1093,306,158,73,45,13
25017368901,"Census Tract 3689.01, Middlesex County, Massachusetts",Census Tract 3689.01,6111,4661,369,74,757,0,45,205,2837,54,121,19,5,58,44,0,125,124,185,148,338,142,496,314,664,134813,127222,137771,2995,1892,1103,1607,285,799200,,,904,154,0,154,0,709,41,988,741,1360,454,199,27,56,0
25017368902,"Census Tract 3689.02, Middlesex County, Massachusetts",Census Tract 3689.02,3625,1460,654,149,374,6,680,302,1461,81,121,46,14,80,95,57,44,95,147,64,124,86,48,165,194,57450,143750,52212,1596,230,1366,175,55,714300,,,150,20,0,20,0,130,0,80,452,461,298,95,100,41,14
25017369000,"Census Tract 3690, Middlesex County, Massachusetts",Census Tract 3690,3626,2349,243,0,534,34,107,359,41,0,0,0,0,0,0,0,0,0,0,5,4,17,0,0,15,,111397,,41,37,4,9,28,484100,,,32,0,0,0,0,32,0,5,22,19,0,0,0,0,0
25017369100,"Census Tract 3691, Middlesex County, Massachusetts",Census Tract 3691,5004,3784,319,0,214,0,6,681,2035,0,35,9,65,0,7,19,22,23,71,142,211,330,254,224,623,133031,141329,103180,2106,1610,496,1424,186,749300,,,1021,108,8,100,0,825,88,589,307,995,418,230,85,0,0
25017370101,"Census Tract 3701.01, Middlesex County, Massachusetts",Census Tract 3701.01,6583,5117,421,0,551,0,167,327,2970,236,42,38,0,111,30,75,75,18,86,105,344,330,444,357,679,124805,158974,95769,3106,1580,1526,1395,185,775700,,,1063,104,0,104,0,855,104,517,903,1081,463,370,124,29,0
25017370103,"Census Tract 3701.03, Middlesex County, Massachusetts",Census Tract 3701.03,3344,1885,120,0,854,0,64,421,1552,61,90,28,42,0,45,26,67,48,0,146,187,121,97,188,406,108258,132946,78750,1781,712,1069,533,179,670900,,,496,77,0,77,0,419,0,216,701,446,248,39,75,17,26
25017370104,"Census Tract 3701.04, Middlesex County, Massachusetts",Census Tract 3701.04,4343,3079,89,0,628,0,99,448,1803,90,0,35,10,6,36,4,57,9,61,53,310,220,202,240,470,126050,128445,121775,1876,811,1065,704,107,607100,,,610,129,9,120,0,481,0,201,487,614,431,157,55,54,5
25017370201,"Census Tract 3702.01, Middlesex County, Massachusetts",Census Tract 3702.01,4321,3472,222,0,267,0,65,295,1808,22,0,0,10,9,42,0,10,10,38,143,349,131,183,221,640,141176,179500,99548,1847,1128,719,974,154,911300,,,785,232,14,218,0,543,10,343,400,701,396,262,34,15,0
25017370202,"Census Tract 3702.02, Middlesex County, Massachusetts",Census Tract 3702.02,3455,2734,29,0,240,0,82,370,1672,51,10,19,0,30,15,44,52,18,98,132,149,258,95,169,532,122917,146447,84643,1795,1144,651,957,187,830800,,,762,46,0,46,0,678,38,382,621,609,243,143,46,0,10
25017370301,"Census Tract 3703.01, Middlesex County, Massachusetts",Census Tract 3703.01,4159,3004,43,0,474,0,265,373,1981,86,39,27,17,32,22,40,84,28,93,148,127,302,217,293,426,123983,133250,122723,2048,972,1076,737,235,668000,,,437,34,0,34,0,342,61,535,764,570,418,156,0,73,0
25017370302,"Census Tract 3703.02, Middlesex County, Massachusetts",Census Tract 3703.02,1976,974,22,53,251,0,232,444,868,40,19,15,28,6,28,0,30,0,74,49,157,137,29,71,185,95714,110905,83463,984,269,715,223,46,636900,,,149,0,0,0,0,149,0,120,296,252,99,183,23,0,15
25017370401,"Census Tract 3704.01, Middlesex County, Massachusetts",Census Tract 3704.01,3688,2423,371,0,590,0,200,104,1898,149,23,166,14,23,10,25,101,11,22,98,208,159,178,372,339,116136,188882,102888,1928,573,1355,511,62,782100,,,356,65,0,65,0,291,0,217,815,683,197,165,0,38,0
25017370402,"Census Tract 3704.02, Middlesex County, Massachusetts",Census Tract 3704.02,1431,842,42,0,140,0,127,280,685,44,16,16,4,6,0,0,17,6,28,41,33,97,46,70,261,137104,157000,136208,706,290,416,186,104,791300,,,250,23,0,23,0,221,6,40,184,312,165,24,0,0,0
25017370403,"Census Tract 3704.03, Middlesex County, Massachusetts",Census Tract 3704.03,1970,1550,112,0,204,0,0,104,973,14,30,9,0,28,24,12,8,0,12,188,101,54,157,45,291,125542,146970,117656,988,434,554,296,138,707700,,,319,57,0,57,0,256,6,115,376,359,104,134,0,0,0
25017373100,"Census Tract 3731, Middlesex County, Massachusetts",Census Tract 3731,5323,3943,35,149,451,0,409,336,1939,32,17,8,0,31,43,18,12,0,46,78,310,114,201,101,928,159441,232632,130859,2078,1034,1044,963,71,1126300,,,581,150,0,150,0,431,0,453,267,685,432,436,81,38,0
25017373200,"Census Tract 3732, Middlesex County, Massachusetts",Census Tract 3732,5223,3362,30,0,1048,0,146,637,2188,12,126,164,17,108,29,0,27,19,78,89,211,281,183,290,554,121154,124837,109750,2210,1050,1160,723,327,882100,,,675,192,0,192,0,483,0,375,751,591,365,301,101,79,0
25017373300,"Census Tract 3733, Middlesex County, Massachusetts",Census Tract 3733,3027,2172,139,0,366,0,94,256,1245,29,37,97,23,0,0,12,3,20,41,36,85,42,205,161,454,149720,209000,100598,1339,720,619,537,183,1090700,,,516,123,41,82,0,383,10,204,341,435,202,144,93,30,0
25017373400,"Census Tract 3734, Middlesex County, Massachusetts",Census Tract 3734,3459,2710,68,46,291,0,45,299,1311,9,39,6,44,12,0,29,7,7,88,110,81,193,64,128,494,137656,157900,109904,1416,782,634,675,107,1127700,,,523,67,15,52,0,359,97,259,255,458,224,329,45,0,0
25017373500,"Census Tract 3735, Middlesex County, Massachusetts",Census Tract 3735,6216,4771,108,0,786,0,135,416,1925,37,43,0,11,0,9,11,0,6,37,53,94,64,141,113,1306,250001,250001,143525,2023,1744,279,1511,233,1640300,,,1125,290,41,249,0,795,40,619,318,692,323,358,150,84,0
25017373600,"Census Tract 3736, Middlesex County, Massachusetts",Census Tract 3736,6083,4271,257,0,731,10,123,691,1018,69,0,8,30,25,4,4,0,8,30,0,78,25,24,146,567,250001,250001,159643,1102,678,424,579,99,2000001,,,468,103,4,99,3,347,15,210,123,362,269,129,116,19,0
25017373700,"Census Tract 3737, Middlesex County, Massachusetts",Census Tract 3737,3713,2935,29,0,558,0,32,159,1439,17,15,11,0,0,0,0,0,44,9,50,70,72,49,144,958,250001,250001,162045,1468,1321,147,1140,181,1533400,,,665,131,9,122,0,490,44,656,220,665,163,292,85,14,0
25017373800,"Census Tract 3738, Middlesex County, Massachusetts",Census Tract 3738,6139,4266,257,0,1035,0,119,462,2452,60,38,0,61,36,81,20,83,38,32,106,147,203,149,568,830,159095,163594,124732,2526,1913,613,1403,510,1044400,,,976,113,0,113,0,838,25,937,680,779,415,270,288,20,0
25017373901,"Census Tract 3739.01, Middlesex County, Massachusetts",Census Tract 3739.01,3066,2198,0,0,716,0,43,109,1066,9,9,0,82,0,13,0,9,0,0,75,70,53,49,96,601,248056,250001,201094,1091,933,158,651,282,1597600,,,596,284,21,263,0,312,0,337,122,470,94,194,171,15,0
25017373902,"Census Tract 3739.02, Middlesex County, Massachusetts",Census Tract 3739.02,3678,2788,23,0,575,0,81,211,1434,96,11,0,18,15,0,20,10,21,27,42,138,43,36,308,649,182622,222652,160104,1669,1098,571,919,179,1156600,,,489,85,0,85,0,358,46,609,442,490,230,179,20,58,15
25017374000,"Census Tract 3740, Middlesex County, Massachusetts",Census Tract 3740,4337,2964,12,0,1100,5,109,147,1639,20,21,46,46,17,9,17,28,16,41,133,38,66,152,147,842,212991,225156,31806,1826,1424,402,1053,371,1154400,,,909,233,0,233,12,602,62,515,321,644,317,236,89,32,0
25017374100,"Census Tract 3741, Middlesex County, Massachusetts",Census Tract 3741,5251,2887,59,0,1862,0,96,347,2003,135,24,31,41,22,18,0,11,10,92,303,214,122,176,135,669,120766,149943,81792,2126,1231,895,798,433,932400,,,673,165,11,154,0,484,24,558,338,709,541,357,18,17,23
25017374200,"Census Tract 3742, Middlesex County, Massachusetts",Census Tract 3742,4068,3048,51,118,548,0,31,272,1523,24,15,7,0,8,7,32,83,37,21,42,101,70,37,130,909,242389,250001,75288,1672,1203,469,958,245,1257300,,,723,163,9,154,8,531,21,480,279,606,157,269,203,0,9
25017374300,"Census Tract 3743, Middlesex County, Massachusetts",Census Tract 3743,3788,3148,28,0,314,0,156,142,1282,20,5,0,0,11,0,8,0,0,8,25,57,27,43,132,946,250001,250001,190491,1282,1227,55,1058,169,1760900,,,781,204,61,143,0,523,54,446,108,463,251,361,46,53,0
25017374400,"Census Tract 3744, Middlesex County, Massachusetts",Census Tract 3744,5639,3617,168,0,1065,0,258,531,2134,83,35,39,42,9,21,10,0,70,61,19,151,157,79,228,1130,242700,250001,,2257,1626,631,1209,417,1992300,,,835,137,0,137,10,688,0,791,426,801,385,290,222,7,3
25017374500,"Census Tract 3745, Middlesex County, Massachusetts",Census Tract 3745,4686,3001,424,6,779,0,70,406,1767,101,11,45,18,52,14,36,0,24,55,51,138,211,162,165,684,135669,199205,107440,1807,1097,710,869,228,1034200,,,792,198,23,175,0,583,11,305,410,614,319,280,144,0,0
25017374600,"Census Tract 3746, Middlesex County, Massachusetts",Census Tract 3746,5314,3952,107,9,879,0,62,305,2126,40,33,24,20,0,11,41,10,0,84,149,60,162,316,370,806,167381,203750,142770,2163,1366,797,1029,337,944700,,,945,209,19,190,0,702,34,421,523,712,512,247,71,48,13
25017374700,"Census Tract 3747, Middlesex County, Massachusetts",Census Tract 3747,4421,3234,19,0,739,0,36,393,1874,117,146,12,27,19,85,29,10,20,57,63,107,68,77,189,848,171333,244886,56719,1995,1119,876,942,177,1102900,,,825,173,14,159,11,632,9,294,552,595,253,416,48,10,0
25017374800,"Census Tract 3748, Middlesex County, Massachusetts",Census Tract 3748,5073,3634,172,0,847,0,88,332,1365,9,52,17,8,43,0,0,18,26,40,64,103,120,86,96,683,200083,250001,98523,1481,964,517,805,159,1215900,,,646,231,17,214,0,395,20,318,316,447,220,250,100,12,20
25017382100,"Census Tract 3821, Middlesex County, Massachusetts",Census Tract 3821,4926,3801,103,0,556,0,106,360,1718,29,40,24,5,32,0,0,44,5,85,89,110,243,150,226,636,151071,156116,92222,1801,1622,179,1358,264,735100,,,1034,240,33,207,0,728,66,588,292,578,276,397,144,31,0
25017382200,"Census Tract 3822, Middlesex County, Massachusetts",Census Tract 3822,5229,4684,67,0,221,0,63,194,2127,58,54,34,0,52,36,0,0,7,13,107,110,378,215,202,861,149943,194278,115417,2251,1582,669,1410,172,789000,,,1029,97,13,84,0,932,0,553,322,1028,401,288,69,10,9
25017382300,"Census Tract 3823, Middlesex County, Massachusetts",Census Tract 3823,5994,5337,63,11,511,0,5,67,2431,53,19,0,25,19,0,18,78,18,63,202,164,147,129,275,1221,202893,195069,222212,2473,1897,576,1702,195,899800,,,1370,385,0,385,0,985,0,527,731,690,420,504,67,19,0
25017382400,"Census Tract 3824, Middlesex County, Massachusetts",Census Tract 3824,5275,4478,32,0,485,0,43,237,2219,77,71,30,60,12,44,99,36,45,110,217,154,222,229,46,767,111172,185435,62254,2319,1526,793,1275,251,755500,,,1116,246,15,231,0,841,29,410,550,831,438,321,79,0,0
25017382500,"Census Tract 3825, Middlesex County, Massachusetts",Census Tract 3825,5697,4099,85,7,914,0,106,486,2451,238,63,0,43,39,17,19,57,76,46,163,280,219,92,340,759,121086,206719,78246,2530,1145,1385,1039,106,675000,,,857,224,19,205,18,581,34,288,837,633,385,394,202,0,0
25017382601,"Census Tract 3826.01, Middlesex County, Massachusetts",Census Tract 3826.01,4661,2162,105,26,1434,0,229,705,2152,0,48,28,0,29,59,95,24,16,125,233,78,359,283,367,408,122250,125135,121891,2195,949,1246,646,303,371700,,,695,21,0,21,15,659,0,254,715,865,211,326,35,0,0
25017382602,"Census Tract 3826.02, Middlesex County, Massachusetts",Census Tract 3826.02,4845,3802,88,0,767,14,34,140,2311,50,230,30,40,238,9,24,0,10,124,84,184,207,120,278,683,112211,171272,25802,2320,1683,637,1257,426,709800,,,931,101,0,101,0,781,49,752,975,617,251,380,68,0,20
25017383101,"Census Tract 3831.01, Middlesex County, Massachusetts",Census Tract 3831.01,4177,1099,249,194,41,0,1143,1451,1170,44,104,37,67,42,10,30,137,76,6,91,171,121,106,44,84,64107,107292,45880,1241,285,956,82,203,354300,,,210,31,8,23,0,172,7,75,262,280,201,299,44,22,62
25017383102,"Census Tract 3831.02, Middlesex County, Massachusetts",Census Tract 3831.02,5474,1482,686,9,29,0,1253,2015,1839,150,108,143,108,25,62,3,52,153,193,229,322,116,101,64,10,54651,103125,49965,1971,239,1732,111,128,528600,,,126,7,0,7,0,119,0,113,205,635,510,364,111,14,0
25017383200,"Census Tract 3832, Middlesex County, Massachusetts",Census Tract 3832,6225,2076,387,8,172,0,2131,1451,2046,44,74,33,67,29,17,0,76,10,231,207,324,152,156,300,326,89671,157574,70514,2092,862,1230,518,344,482800,,,785,94,0,94,0,691,0,77,423,458,450,480,167,17,51
25017383300,"Census Tract 3833, Middlesex County, Massachusetts",Census Tract 3833,3741,1887,162,23,434,0,530,705,1560,189,9,48,52,4,27,98,8,24,68,94,262,168,71,107,331,84605,194593,72130,1593,610,983,491,119,588100,,,458,113,9,104,0,345,0,152,612,448,142,259,99,0,0
25017383401,"Census Tract 3834.01, Middlesex County, Massachusetts",Census Tract 3834.01,2859,1382,86,0,46,0,625,720,1062,62,38,10,0,36,0,113,42,79,0,143,107,116,33,137,146,76538,,61824,1110,311,799,210,101,412900,,,192,0,0,0,0,129,63,119,279,258,128,283,95,0,19
25017383402,"Census Tract 3834.02, Middlesex County, Massachusetts",Census Tract 3834.02,3838,1661,92,0,261,0,1011,813,1380,149,0,0,164,0,36,0,90,35,84,263,117,237,4,120,81,67572,73162,60852,1422,599,823,473,126,432800,,,422,16,0,16,0,393,13,177,437,259,201,255,198,30,0
25017383501,"Census Tract 3835.01, Middlesex County, Massachusetts",Census Tract 3835.01,4110,2315,540,16,102,0,290,847,1892,116,208,168,104,34,23,95,62,73,48,101,204,84,142,246,184,60514,160455,41000,2003,562,1441,376,186,555900,,,476,57,46,11,0,407,12,86,724,596,302,171,44,43,12
25017383502,"Census Tract 3835.02, Middlesex County, Massachusetts",Census Tract 3835.02,3963,2342,390,0,420,11,550,250,1079,10,0,9,22,29,29,53,23,0,0,191,179,38,121,102,273,96736,164345,74861,1079,559,520,390,169,648100,,,347,115,7,108,0,232,0,212,274,260,329,143,67,6,0
25017383600,"Census Tract 3836, Middlesex County, Massachusetts",Census Tract 3836,6046,3886,109,0,851,0,337,863,2323,48,125,21,0,26,28,82,30,51,141,183,259,325,188,267,549,113764,130926,66445,2405,1614,791,1070,544,602900,,,1224,204,43,161,0,900,120,390,613,811,375,384,117,7,16
25017383700,"Census Tract 3837, Middlesex County, Massachusetts",Census Tract 3837,5193,3440,135,0,323,0,811,484,2102,17,77,170,0,19,18,37,0,33,76,134,324,342,59,241,555,115950,125167,84025,2102,1448,654,1173,275,586600,,,1030,166,0,166,0,787,77,418,490,655,571,322,62,0,2
25017383800,"Census Tract 3838, Middlesex County, Massachusetts",Census Tract 3838,6103,4452,255,0,526,0,257,613,2476,63,68,36,42,14,47,0,23,34,59,149,296,333,219,266,827,132079,140115,115764,2603,1979,624,1568,411,606700,,,1448,310,37,273,36,1000,102,531,629,921,371,380,114,41,20
25017383902,"Census Tract 3839.02, Middlesex County, Massachusetts",Census Tract 3839.02,5920,4277,115,21,714,0,434,359,2189,34,8,13,0,20,0,45,0,30,95,147,127,167,222,236,1045,182880,192054,64821,2274,2077,197,1700,377,652700,,,1251,258,0,258,0,950,43,826,339,822,395,500,79,14,40
25017383903,"Census Tract 3839.03, Middlesex County, Massachusetts",Census Tract 3839.03,2527,1424,476,20,160,0,29,418,890,0,0,26,40,0,16,7,8,0,100,54,69,91,67,148,264,131324,131985,,923,881,42,629,252,576400,,,633,144,19,125,31,451,7,248,250,250,142,129,0,119,0
25017383904,"Census Tract 3839.04, Middlesex County, Massachusetts",Census Tract 3839.04,4913,3739,296,17,262,0,224,375,2150,143,133,5,0,11,52,24,82,33,133,110,359,107,175,265,518,98611,139750,46053,2150,1538,612,1308,230,606200,,,979,130,12,118,0,849,0,559,691,790,262,282,103,12,10
25017384003,"Census Tract 3840.03, Middlesex County, Massachusetts",Census Tract 3840.03,5475,3274,539,0,710,21,463,468,2702,83,129,34,58,61,58,20,139,108,186,230,325,199,305,127,640,94088,209781,76645,2857,997,1860,826,171,788300,,,707,51,0,51,0,640,16,290,1193,816,344,235,85,0,29
25017384004,"Census Tract 3840.04, Middlesex County, Massachusetts",Census Tract 3840.04,1449,948,125,0,142,0,157,77,591,7,5,10,18,7,0,7,5,20,0,31,58,73,79,63,208,136581,161400,120729,591,478,113,339,139,639600,,,361,82,27,55,0,273,6,117,128,290,68,64,17,17,7
25017385101,"Census Tract 3851.01, Middlesex County, Massachusetts",Census Tract 3851.01,2978,1899,504,0,471,0,10,94,1221,77,0,0,22,32,0,0,10,0,15,96,53,199,44,151,522,171850,214716,112170,1272,703,569,590,113,743600,,,426,99,0,99,0,327,0,277,237,417,345,170,52,0,0
25017385102,"Census Tract 3851.02, Middlesex County, Massachusetts",Census Tract 3851.02,4762,3779,98,0,455,0,89,341,1804,109,16,29,77,9,107,0,0,10,17,71,148,146,254,220,591,137344,172909,,1851,1324,527,1091,233,631100,,,909,173,12,161,0,693,43,415,324,602,455,337,64,15,7
25017385201,"Census Tract 3852.01, Middlesex County, Massachusetts",Census Tract 3852.01,2871,2011,151,0,62,0,387,260,1238,23,26,11,0,0,51,42,35,14,22,145,217,224,28,121,279,104857,122386,50625,1292,941,351,819,122,553300,,,489,53,17,36,0,436,0,452,421,404,218,146,45,4,0
25017385203,"Census Tract 3852.03, Middlesex County, Massachusetts",Census Tract 3852.03,4611,3307,233,12,866,0,126,67,2156,64,12,14,31,79,37,15,13,72,95,165,221,349,196,220,573,115819,116444,,2299,1845,454,1475,370,475100,,,1120,189,0,189,0,908,23,725,707,856,259,334,0,0,0
25017385204,"Census Tract 3852.04, Middlesex County, Massachusetts",Census Tract 3852.04,3472,2020,8,17,959,0,105,363,1154,0,21,0,0,17,0,0,23,13,18,32,168,165,74,141,482,167188,220417,113352,1281,908,373,582,326,639600,,,691,63,0,63,7,621,0,217,60,414,276,289,96,19,0
25017386100,"Census Tract 3861, Middlesex County, Massachusetts",Census Tract 3861,4404,3567,21,0,402,0,11,403,1512,0,12,23,0,4,16,32,21,0,65,23,95,95,89,191,846,247500,250001,106563,1575,1351,224,1160,191,944400,,,957,232,38,194,0,702,23,394,242,496,174,461,113,26,0
25017387100,"Census Tract 3871, Middlesex County, Massachusetts",Census Tract 3871,4377,3785,31,0,124,0,177,260,1774,35,35,37,12,68,85,26,9,17,40,103,132,144,148,309,574,149286,170882,67604,1796,1418,378,1263,155,611900,,,993,141,14,127,0,846,6,425,451,614,339,255,111,4,0
25017387201,"Census Tract 3872.01, Middlesex County, Massachusetts",Census Tract 3872.01,5976,4905,22,0,589,0,62,398,2301,89,41,45,56,73,109,10,47,63,52,37,187,171,154,463,704,151650,169779,33658,2345,1987,358,1740,247,598400,,,1347,279,13,266,0,1068,0,640,442,799,535,372,105,44,4
25017387202,"Census Tract 3872.02, Middlesex County, Massachusetts",Census Tract 3872.02,4611,3947,53,0,268,0,99,244,1579,23,0,9,13,29,0,9,17,0,55,45,123,70,202,220,764,188472,200417,54125,1633,1502,131,1341,161,672000,,,866,188,30,158,0,678,0,636,139,673,286,322,57,41,61
25017388100,"Census Tract 3881, Middlesex County, Massachusetts",Census Tract 3881,5468,3718,465,0,985,0,55,245,2210,71,0,20,56,43,15,25,61,0,150,106,178,109,263,247,866,151000,188077,61979,2279,1708,571,1274,434,671800,,,1228,242,0,242,0,986,0,480,542,743,313,570,11,31,0
25017388200,"Census Tract 3882, Middlesex County, Massachusetts",Census Tract 3882,7017,5784,461,3,177,13,351,228,2404,14,27,11,135,148,16,0,59,127,68,169,220,218,376,354,462,121875,134554,47738,2512,1978,534,1851,127,412700,,,1425,340,38,302,0,1070,15,553,728,790,455,240,148,30,13
25017388300,"Census Tract 3883, Middlesex County, Massachusetts",Census Tract 3883,6099,3284,685,0,760,0,560,810,1951,304,328,249,158,106,86,76,34,35,134,36,170,120,34,55,26,23688,84375,20473,2074,197,1877,94,103,327300,,,159,0,0,0,0,159,0,38,1092,441,176,176,66,0,0
25017980000,"Census Tract 9800, Middlesex County, Massachusetts",Census Tract 9800,0,0,0,0,0,0,0,0,0,0,0,0,0,0,0,0,0,0,0,0,0,0,0,0,0,,,,0,0,0,0,0,,,,0,0,0,0,0,0,0,0,0,0,0,0,0,0,0